225511671492382720
225511664089440256
225511648130117632
225511693449572353
225511693181132800
225511668749312000
225511647786180608
225511645030522880
225511715721318400
225511690354167808
225511665431617536
225511658792034304
225511700424695808
225511700147871744
225511662101340160
225511709685714944
225511703876603904
225511696704352256
225511707198492672
225511699975905280
225511658397765632
225511709517950976
225511702869970944
225511697241219072
225511680497561600
225511660998242304
225511705948594176
225511719718490112
225511712646893568
225511693021749248
225511671005851648
225511655289790464
225511665213513728
225511715603881984
225511645147967488
225511689204936704
225511667377778688
225511651858849792
225511718485372928
225511685086121984
225511648788623360
225511708087685120
225511656497750016
225511657709903872
225511682380804096
225511720226009088
225511711652851712
225511684830269440
225511676110311424
225511643151470592
225511717487128576
225511651225505792
225511687653036032
225511679528669184
225511646611775488
225511714622410752
225511654597726208
225511675879624704
225511717042528256
225511650818666496
225511665909764096
225511675711852544
225511713582227456
225511653519790080
225511669042917376
225511705109729280
225511688164741120
225511678534623232
225511645173133312
225511707668262912
225511657550516224
225511662772432896
225511684654108672
225511649862356992
225511720884514816
225511710612660224
225511659467317248
225511681348997120
225511686466052096
225511703666888704
225511696209420288
225511661933568000
225511706451910656
225511683794284544
225511700718301184
225511659085635584
225511689972486144
225511674571010048
225511668363436032
225511712315543552
225511718799945728
225511713489956864
225511693835448320
225511677850947584
225511671903424512
225511664299155456
225511644367822848
225511667650404352
225511648583098368
225511716522430464
225511672075390976
225511689464975360
225511670745804800
225511664773107712
225511692728147968
225511661358952448
225511710381973504
225511659232432128
225511703171964928
225511697509654528
225511657953169408
225511699556474880
225511714442063872
225511654249598976
225511687476879360
225511679172157440
225511695244730368
225511646351728640
225511717772333056
225511651644936192
225511676492001280
225511691826376704
225511643327631361
225511719940788224
225511711317307392
225511698730201088
225511682162696192
225511708519698432
225511656858464256
225511672436105216
225511702165331968
225511685312614400
225511648977358848
225511681688735744
225511721350082560
225511710826573824
225511684251463680
225511649438732288
225511707450155008
225511657294667776
225511688592564224
225511678706589696
225511651774959616
225511645743550464
225511713955516416
225511653733699584
225511675409870848
225511716589547520
225511650579591168
225511644405575680
225511664345288704
225511689754386432
225511671785984000
225511693726392320
225511713422848000
225511718921572352
225511648411131904
225511668401188864
225511690035400704
225511644715945984
225511703322963968
225511659106607104
225511700772827136
225511706418352128
225511661799346176
225511696263950336
225511703578812416
225511699682299904
225511709169823744
225511658037063680
225511680807936000
225511697635479552
225511703138406400
225511710444883968
225511706279944192
225511661296029696
225511692698783744
225511715276730368
225511664882159616
225511654979407872
225511670678691840
225511689586614272
225511716425961472
225511648545345536
225511718774779904
225511652181807104
225511667763650560
225511649082216448
225511685400694784
225511681827151872
225511656774574080
225511708398067712
225511682070417408
225511711346659328
225511719819157504
225511643419906048
225511676412301312
225511651531698176
225511678979219456
225511717801701376
225511646158790656
225511679197323264
225511687367827456
225511654270570496
225511714320424960
225511665603579904
225511650512478208
225511716736339968
225511675363733504
225511669344903168
225511653813395456
225511713880023040
225511645600944128
225511678811447296
225511688500293632
225511705436893184
225511662449463296
225511657252720640
225511707378851840
225511649497460736
225511684373090304
225511659748335616
225511710923034624
225511721299746816
225511681659383808
225511696687570944
225511703960489984
225511686797398016
225511709534720000
225511662222974976
225511700365971456
225511683504877568
225511658771062784
225511674864603136
225511690303840256
225511715750682624
225511712617533440
225511647865868288
225511668703170560
225511677548957696
225511693525061632
225511664018137088
225511671609827328
225511667277115392
225511689083293696
225511645030522881
225511665070911488
225511671135875072
225511668891914240
225511693046915072
225511712760143872
225511719651385344
225511661052764160
225511697161527296
225511702886752256
225511696872116224
225511658301300736
225511662386556928
225511699858468864
225511707307552768
225511654564179968
225511714748243968
225511646745997312
225511695588667392
225511679457374208
225511687766286336
225511651351343104
225511717470351360
225511643055001600
225511691461472256
225511676198395904
225511711631876096
225511720339255296
225511682464690176
225511699032186880
225511672150888448
225511656581636096
225511708217708544
225511648650207232
225511685027405824
225511701854957568
225511681378357248
225511710512001024
225511720939032576
225511649786863616
225511684545056768
225511657571491840
225511707731173376
225511645349289984
225511678429761536
225511688231849984
225511653435904000
225511713640951808
225511675741216768
225511654757113856
225511650894159872
225511687955025920
225511716946055168
225511652261498880
225511667612655616
225511713137635328
225511718590226432
225511644107771904
225511674206105600
225511655101046784
225511670561255424
225511715087986688
225511647123476480
225511677016281088
225511661161820160
225511706099593216
225511680925380608
225511697476096000
225511686206005248
225511657932206080
225511708993654784
225511682842169344
225511679880994816
225511686646407168
225511706527412224
225511683815251968
225511686377971712
225511710109347840
225511644556566528
225511674604564480
225511652626403328
225511712068083712
225511719018049536
225511648234975232
225511678077444096
225511656103481344
225511674361294848
225511716132364288
225511698478534656
225511708746190848
225511711111786496
225511649367437312
225511659865780224
225511701171281920
225511707559211008
225511662575296512
225511673237221376
225511694850461696
225511688345100288
225511705550135296
225511718120460288
225511714077155328
225511643738677248
225511669474922496
225511653700153344
225511690899427328
225511716904112128
225511665721024512
225511650382458880
225511669927915520
225511695290871808
225511704421871616
225511646460784640
225511645936492544
225511695014047744
225511666878656512
225511692103200768
225511643587686400
225511714219765760
225511642316808192
225511660289400832
225511698923134976
225511698654699520
225511663560953856
225511672620658688
225511702211473408
225511711225028608
225511721694015488
225511683144163328
225511680426250240
225511709199183872
225511680686305280
225511685778186240
225511705826963456
225511647551299584
225511677188255744
225511653213605888
225511655327535104
225511715461271552
225511643805786112
225511673916694528
225511652047597568
225511712852422656
225511718200156160
225511663896498176
225511655772131328
225511715931041792
225511647995891712
225511677666406400
225511693420212224
225511653008093184
225511712441380864
225511719286480896
225511644749500416
225511674977849344
225511690173816832
225511709777989632
225511700244340736
225511683622309888
225511706997166080
225511680279453696
225511703851438080
225511686935814144
225511647039594496
225511665934934016
225511704874848256
225511670485753856
225511691063005184
225511715033460736
225511669214883840
225511694535897088
225511705147486208
225511662923427840
225511673417572352
225511643025645568
225511660733992960
225511701502627840
225511711904509952
225511650084663296
225511720750288896
225511659500867584
225511698046521344
225511684909961216
225511701976584192
225511663393189888
225511672251555840
225511656451608576
225511682343051264
225511699141242880
225511708007993344
225511720578330624
225511650202099712
225511642866266112
225511660566224896
225511691599880192
225511676068368384
225511666513752064
225511695718682624
225511679327346688
225511704719659008
225511717235470336
225511670338949120
225511718300815360
225511712835645440
225511667243556864
225511651997265920
225511673899917312
225511643822567424
225511715398361088
225511670846468096
225511655419813888
225511677309882368
225511647429668864
225511705759854592
225511660880793600
225511685904011264
225511697123774464
225511680627585024
225511709291458560
225511658263547904
225511683127382016
225511687007117312
225511680170397696
225511706854563840
225511683295154176
225511683530043392
225511709819940864
225511674893967360
225511644871135232
225511719311650816
225511712349097984
225511652903227392
225511677490245633
225511677720928256
225511647953948672
225511715817795584
225511655809884160
225511698176544768
225511659584757760
225511710776233984
225511720586711040
225511711975809024
225511701473275904
225511673530814464
225511662885670912
225511707844423680
225511705227173888
225511688047308800
225511694506532864
225511653414940672
225511669168742400
225511713762582528
225511714932797440
225511691193036800
225511650697027584
225511666023014400
225511647001841664
225511717231271936
225511691377582080
225511670217314304
225511717373878272
225511646863433728
225511704774184960
225511695622213632
225511666538913792
225511643327631360
225511691704741888
225511701624270848
225511660583006208
225511642715262976
225511650244046848
225511707995414528
225511673681813504
225511699208347648
225511672310272000
225511663263162368
225511701875929088
225511682871533568
225511708892999680
225511686088568832
225511680971513856
225511706166693888
225511676898840576
225511647249305600
225511715150897152
225511655012970496
225511674231271424
225511656225116160
225511644091002880
225511718497947648
225511713150210048
225511652316028928
225511716254003200
225511656078315520
225511664185905152
225511693692841984
225511678014533632
225511648302075904
225511719009656832
225511712151973888
225511652735459328
225511689838276608
225511674692636672
225511644476878848
225511710088376320
225511683911716864
225511700563111936
225511706665816064
225511686621245441
225511703549456384
225511679981658112
225511665620365312
225511690740047872
225511669529452544
225511643617038336
225511718044962816
225511705453670400
225511667021262848
225511694871437312
225511673065250816
225511662634012672
225511649610698752
225511701196447744
225511659790282752
225511649270960128
225511708838465536
225511663821004800
225511698352705536
225511721777897472
225511711115972608
225511702303748096
225511685203570688
225511656736821248
225511672570318848
225511663665815552
225511698864410624
225511682049454080
225511660260036608
225511642459418624
225511720171474944
225511714253320192
225511676391333888
225511692048674816
225511666836705280
225511646037155840
225511704400891904
225511679050522624
225511695387336704
225511670036963328
225511675846078464
225511670070513664
225511646636945408
225511704585449472
225511650982244352
225511695458639872
225511666366951424
225511643172446208
225511691478241280
225511660423618560
225511684792520704
225511642488774656
225511657676349440
225511699078324224
225511672176058368
225511663120560128
225511701745905664
225511698008780800
225511659446341632
225511710642020352
225511701326467072
225511673379827712
225511682498240512
225511662730481664
225511707693420544
225511688194101248
225511705088757760
225511694271651840
225511668996771840
225511653561741312
225511713619980288
225511691033645056
225511654799060992
225511687837589504
225511665892995072
225511650868989952
225511679667089408
225511717080281088
225511686843539456
225511658540376064
225511680031989760
225511707026526208
225511700093341696
225511683395817472
225511709966737408
225511671253307392
225511674755559424
225511665402253312
225511645005361152
225511719508779008
225511712504295424
225511693160165376
225511652752240640
225511677578326016
225511648092368896
225511715977175040
225511655663083520
225511718430842880
225511712986636288
225511651833683968
225511667407130624
225511673740533760
225511643973562368
225511715549351936
225511655273017344
225511690517753856
225511671135870976
225511677154697216
225511668912889856
225511647584858112
225511705923428352
225511661019209728
225511685732052992
225511680459808768
225511697278971904
225511709455032320
225511704040185856
225511658414551040
225511696893091840
225511662281691136
225511682984779776
225511685350367232
225511702148550656
225511672415133696
225511656887824384
225511681864900608
225511663527403520
225511682200444928
225511698713419776
225511660117430272
225511642295832576
225511719978541056
225511691776036864
225511676538134528
225511653859536896
225511688814866432
225511666677325824
225511678853390336
225511704233127936
225511695211180032
225511679180541952
225511669873389568
225511665448398848
225511690597445632
225511676697513984
225511669361684480
225511705285890048
225511651753992192
225511694716252160
225511672935223296
225511662478827520
225511649463902208
225511701041258496
225511659635093504
225511685534912512
225511657026236416
225511698189135872
225511644388798464
225511716396605440
225511655931523072
225511689632747520
225511664324325376
225511677821587456
225511667834949632
225511693881585664
225511648444686336
225511719143870464
225511712290381824
225511652588662784
225511674550034432
225511690006040576
225511644636258304
225511710247751680
225511703343927296
225511697715179520
225511661530910720
225511700739264512
225511683756527616
225511706808422400
225511703696252928
225511686428307457
225511679847440384
225511682728931328
225511709048184832
225511685924982784
225511659203080192
225511680837300224
225511710411337728
225511706305110016
225511700860903424
225511676722683904
225511647383523328
225511715306090496
225511654853586944
225511672050233344
225511674076082176
225511664454348800
225511716547600384
225511644237795328
225511718653140992
225511713322176512
225511694221324288
225511652190203904
225511669747560448
225511695123091456
225511704262479872
225511646183952384
225511666710880256
225511678962442240
225511688777113600
225511691914448896
225511654018920448
225511643436687361
225511660138401792
225511698767949824
225511681810374656
225511663409963008
225511672469655552
225511702026915840
225511698319159296
225511656908795904
225511710935625728
225511659723165696
225511685572665344
225511701024477184
225511707408216064
225511662424297472
225511673052667904
225511651665915904
225511694686887936
225511705378168832
225511688525451264
225511713905192960
225511653851144192
225511676538138624
225511669302964224
225511690706497536
225511716740542464
225511650533449728
225511665544867840
225511679734198272
225511686507999232
225511706695180288
225511661480587264
225511683668451328
225511697849389056
225511703281016832
225511710272921600
225511644699168768
225511674457759744
225511652492185600
225511712202297344
225511719185817600
225511713456398336
225511648381771776
225511677888704512
225511668023697408
225511655960879104
225511689720836096
225511716279164928
225511693902553088
225511667780427776
225511652144066560
225511713280233472
225511718753804288
225511644262961152
225511664513069056
225511671949570048
225511674034135040
225511670712246272
225511654954250240
225511715247366144
225511647266082816
225511676877877248
225511700890259456
225511661325393920
225511706263162880
225511697690009600
225511680770191360
225511686050811904
225511659261796352
225511658070609920
225511709144649728
225511682695372800
225511701821399040
225511685060956160
225511663229603840
225511656611000320
225511672108953600
225511698998628352
225511682489847808
225511657743454208
225511720377004032
225511642694291456
225511660390068224
225511684712837121
225511676223561728
225511691411136512
225511666341777408
225511679503507456
225511651007401984
225511695576076288
225511704568668160
225511675908993024
225511670187954176
225511665767165952
225511679650312192
225511687938256896
225511690903625728
225511654719361024
225511669080662016
225511694338764800
225511704996491264
225511682611490816
225511662785007616
225511673262387200
225511701347442688
225511649807831040
225511659354066944
225511697887141888
225511664034918400
225511655637917696
225511716090425344
225511648172056576
225511693554425856
225511677515411456
225511693218885632
225511652873867264
225511712583987200
225511719479414784
225511647912013824
225511644921466880
225511665309986816
225511671261704192
225511690333196288
225511674826854400
225511709949960192
225511683479707648
225511700412112896
225511700017844224
225511707169140736
225511680141045760
225511686755463168
225511658431320064
225511704015015936
225511707336908800
225511662365585408
225511683005755392
225511696838569984
225511704149241856
225511709350178816
225511680539500544
225511685627191296
225511705990533120
225511647706484736
225511719676547072
225511677049835520
225511668858363904
225511655180738560
225511690454835200
225511715629047808
225511643919028224
225511673786667008
225511651892400128
225511713016000512
225511718363738112
225511650348904448
225511665741991936
225511716883140608
225511675208544256
225511653670789120
225511692388405248
225511669487513600
225511714039402496
225511645785497600
225511678668845056
225511667054809088
225511705562718208
225511688290570240
225511662596272128
225511657114312704
225511707529846784
225511649656840192
225511684217905152
225511702349881344
225511659899334656
225511711082422272
225511649388400640
225511721526243328
225511663720341504
225511681508380672
225511672801009664
225511721740148736
225511649233211392
225511685216149504
225511660025159680
225511698625343488
225511656623583232
225511708565835776
225511681936207872
225511711506046976
225511720016293888
225511643562520576
225511669638508544
225511676261310464
225511694988881920
225511651376508928
225511705713709056
225511717956882432
225511646414643200
225511679075688448
225511687225225216
225511654119583744
225511714471424000
225511699518722048
225511709027209216
225511657890263040
225511697413189632
225511680950538240
225511702991605760
225511706133147648
225511683966246912
225511661140844544
225511692514238464
225511715125727232
225511664735363072
225511670536085504
225511655138795520
225511689414651904
225511656279646208
225511718606999552
225511667566522368
225511652299255808
225511678207471616
225511664198496256
225511674336124928
225511671634997248
225511652408299520
225511693583785984
225511648272715776
225511668195659776
225511689896992768
225511644602707968
225511681067986944
225511658951413760
225511686340227072
225511700613443584
225511661635772416
225511696024866816
225511703423627264
225511681239953408
225511710654607360
225511721144561664
225511711933861888
225511650025938944
225511643004669952
225511684389867520
225511660713029632
225511699313205248
225511657433083904
225511707882168320
225511645538037760
225511678278770688
225511688076664832
225511653251358720
225511713787748352
225511715058626560
225511670464778240
225511675577638912
225511695894843392
225511650726391808
225511704853884928
225511717097054208
225511654404788224
225511691251748864
225511714882461696
225511646892793856
225511679277019136
225511666102702080
225511695731269632
225511687611101184
225511651208736768
225511717608755200
225511643197616128
225511676055785472
225511691683766272
225511701662011392
225511711795458048
225511720544772096
225511663045058560
225511699170598912
225511682313695232
225511673547591680
225511656430645248
225511672297689088
225511708385488896
225511648817975296
225511702010142720
225511684868026368
225511667126112256
225511688919715840
225511664894750720
225511675145621504
225511670884216832
225511653184253952
225511692887535616
225511660914348032
225511696985370624
225511702593155072
225511680396890112
225511658104172544
225511687099392000
225511699720052736
225511696570126336
225511686956789760
225511703813689344
225511683316125696
225511662071980032
225511683643281408
225511700206592000
225511658628460544
225511690152841216
225511675003019264
225511655440785408
225511712462348288
225511668543795200
225511677339250688
225511693382459392
225511677695766528
225511663875530752
225511671467216896
225511717210296320
225511704912601088
225511695752245248
225511666077544448
225511650663469056
225511670368313344
225511675548282880
225511713733222400
225511669181325312
225511653377187840
225511688001171456
225511705260732416
225511678383632384
225511645403820032
225511707819257856
225511657395331072
225511699338371072
225511662898257920
225511684503117824
225511660763357184
225511642887237632
225511642270674945
225511650097238016
225511721115201536
225511710751072256
225511659609927680
225511681214783488
225511684939321344
225511648931225600
225511708255461376
225511656346759168
225511673644060672
225511663024082944
225511682238189568
225511720410550272
225511711820619776
225511701603295232
225511675967705088
225511643281502208
225511717638115328
225511651108073472
225511687502045184
225511679360905216
225511666207559680
225511646813097984
225511714777604096
225511654438346752
225511691344023552
225511699824914432
225511658217418752
225511687132950528
225511680308809728
225511709329207296
225511702580568064
225511680656945152
225511697073451008
225511660855631872
225511705805983744
225511653054230528
225511692849782784
225511655440789504
225511675044962304
225511670821294080
225511665033158656
225511715440300032
225511689024573440
225511652009840640
225511667210006528
225511718317592576
225511671345586176
225511663921668096
225511647974924289
225511693306966016
225511668598321152
225511677494435840
225511644904697856
225511690215763968
225511655566610432
225511658649432064
225511700273696768
225511683253215232
225511661946150912
225511703729803264
225511696561741824
225511672754868224
225511663795838976
225511681529352192
225511708859445248
225511721559789568
225511710981758976
225511702484103168
225511684113047552
225511649585541120
225511707596951552
225511657131094016
225511688366071808
225511678563983360
225511666991898624
225511645902942208
225511718099488768
225511714093936640
225511653570125824
225511692241604608
225511675229511680
225511716786675712
225511650411810816
225511714601447424
225511654073438208
225511687334277120
225511695437664256
225511679000186880
225511646494339072
225511717935915008
225511646083293184
225511705583693824
225511695035015168
225511651498135552
225511669655277568
225511692069646336
225511676366172160
225511643482828800
225511720133734400
225511711472492544
225511682015895552
225511698881187840
225511708687478784
225511672587100160
225511656720044032
225511698524676096
225511685157433344
225511659911909376
225511702345682944
225511649103196160
225511667428110336
225511678165524480
225511689251069952
225511656204148736
225511670599000064
225511664567595008
225511692539400192
225511684075302912
225511661199560704
225511703008391168
225511697304133632
225511657802174464
225511699405484032
225511703511703552
225511686625431552
225511695987126272
225511661769994240
225511700537946112
225511683941085184
225511658934640640
225511686277312512
225511681101537280
225511674717806592
225511689804718080
225511668149530624
225511712177135616
225511678052282368
225511652429279232
225511693663477760
225511674386452480
225511671744049152
225511664160747520
225511678169714688
225511667428106240
225511656216735744
225511689230094336
225511670594809856
225511664563396608
225511692531011584
225511661203759104
225511684075298816
225511703037743104
225511697325101056
225511657831542784
225511699409670144
225511686621237248
225511703499116544
225511695961956352
225511661757403136
225511683941081088
225511700537937920
225511686277304320
225511658917859328
225511681097347072
225511689813110784
225511674709413888
225511712177131520
225511668170498048
225511693680250880
225511678043885568
225511652429271040
225511671760818176
225511674378072064
225511664164933632
225511708851048448
225511672767455232
225511681529356288
225511663795834880
225511702488289280
225511721559793664
225511710981754880
225511649598115840
225511684092076032
225511657126895616
225511707580182528
225511718095302656
225511645881966592
225511688366075904
225511666991894528
225511678576562176
225511692233220096
225511653574324224
225511714102317056
225511675242090496
225511650432790528
225511716799254528
225511654073442304
225511714601439232
225511646494334976
225511687334273024
225511679000195072
225511695433478144
225511705608851456
225511651489755136
225511695051796480
225511646087483392
225511717914939392
225511643499601920
225511676345192448
225511669659475968
225511692065447936
225511720158892032
225511711480885248
225511698881196032
225511682024288256
225511656720052224
225511672587104256
225511698524680192
225511708691664896
225511649098997760
225511659907723264
225511702333108224
225511685174210560
225511699824910336
225511709333397504
225511687132942336
225511658196439040
225511680321396736
225511702559600640
225511697073442816
225511680656941056
225511705814376448
225511660851433472
225511692866564096
225511653045837824
225511715431915520
225511670842265600
225511655428198400
225511675015598080
225511665033154560
225511689049743360
225511718309212160
225511667214196736
225511652009844736
225511671345590273
225511663921664000
225511693294374912
225511647974920192
225511677469265920
225511668573151232
225511655566614528
225511690207371264
225511644883726336
225511658662010880
225511700282089472
225511661950349312
225511683244822528
225511703742394368
225511696582713344
225511704920985600
225511650659282944
225511695756431360
225511666094317568
225511717180940288
225511675544084480
225511670385086464
225511653377183744
225511669189718016
225511713724837888
225511645399617536
225511705273307136
225511688001163264
225511678379433984
225511657412104192
225511699338375168
225511662898253824
225511707819253760
225511650097242112
225511642270674944
225511660750770176
225511684524085248
225511642908205056
225511659614113792
225511721115197440
225511710759460864
225511681214787584
225511648952201216
225511684939325440
225511656342560768
225511708251262976
225511673656647680
225511682225614848
225511663024087040
225511701603299328
225511720410554368
225511711799648256
225511643281498112
225511675963518976
225511651103870976
225511717654900736
225511646787940352
225511687523020800
225511666207567872
225511679369285632
225511691344031744
225511654450933760
225511714777600000
225511667130310656
225511688919724032
225511664907325440
225511670900989952
225511675145629696
225511692887527424
225511653159084032
225511660905967616
225511696985366528
225511702584758272
225511680396894208
225511687103590400
225511658095779840
225511699720048640
225511696540774400
225511703826280448
225511686956785664
225511662084558848
225511683311939584
225511700227567616
225511683643285504
225511658632646656
225511675015606272
225511655457558528
225511690152849408
225511677351825408
225511668539592704
225511712470740992
225511677712543744
225511693378260992
225511663875534848
225511671446245376
225511681239945216
225511710658793472
225511721169719296
225511643008868352
225511660704636928
225511684406648832
225511711950643200
225511650004963328
225511707882164224
225511699304820736
225511657433075712
225511678266183680
225511688068276224
225511645538033664
225511713787752448
225511653242966016
225511675573448704
225511670464786432
225511715058618368
225511717097058304
225511650722193408
225511695899041792
225511704862265344
225511714903437312
225511691251757056
225511654408986624
225511666090119168
225511695731265536
225511679306375168
225511687640453120
225511646884405248
225511717608759296
225511651225513984
225511691646013440
225511676051599360
225511643193413632
225511711795449856
225511720519602176
225511701666209792
225511682322075648
225511663053451264
225511699170594816
225511673551790080
225511708368707584
225511672293502976
225511656430641152
225511684868022272
225511702014341120
225511648830562304
225511699535503360
225511657898647552
225511709023023104
225511680946352128
225511697413185536
225511702991609856
225511661145042944
225511683941076992
225511706116366336
225511692493262848
225511664706007040
225511655142985728
225511670536081408
225511715129925632
225511656279650304
225511689397870593
225511652290863104
225511678207463424
225511667558129664
225511718615392256
225511664211079168
225511671630798848
225511674327732224
225511648276914176
225511693583790080
225511652399910912
225511668199858176
225511644602699776
225511689892794368
225511681088950272
225511686356996096
225511658951421952
225511700596662272
225511661623185408
225511696024875008
225511703419424768
225511716887343104
225511665742000128
225511650348900352
225511675229507584
225511714047795200
225511692342272000
225511669487505408
225511653679181824
225511667046428672
225511678673031168
225511688311545856
225511705558528000
225511645777104896
225511707517259777
225511662608846848
225511657093345280
225511684213706752
225511649677815808
225511711053066240
225511721526235136
225511649405186048
225511702362460160
225511659903524864
225511681487417344
225511663720337408
225511672801005568
225511660020961280
225511685228736512
225511649224830976
225511721744338944
225511708578426880
225511698608562176
225511656627769344
225511681932009472
225511711518625792
225511720033067008
225511676248731648
225511669638504448
225511643570900992
225511717956890624
225511651376500736
225511694993068032
225511705713713152
225511679075684352
225511687195865088
225511646427230208
225511714471415808
225511654106992640
225511716090417152
225511664022331392
225511655650504704
225511677527990272
225511693546041344
225511648155283456
225511712596561920
225511647895232512
225511719492001792
225511652873875456
225511693218877440
225511665309978624
225511674843639808
225511671261696000
225511690324815872
225511644917276672
225511709933187072
225511700416311296
225511683462926336
225511707160743936
225511700017848320
225511680141037568
225511658443907072
225511704015020032
225511686755459072
225511683018330112
225511662344613888
225511707349495808
225511709354373120
225511696825982976
225511704149237760
225511680535302144
225511685631389696
225511706011508736
225511668866748416
225511677049843712
225511719676551168
225511647719071744
225511715629051904
225511690475802624
225511655176540160
225511673774088192
225511643952586752
225511713011802112
225511718330175488
225511651879825408
225511685044183040
225511701829791744
225511663237996544
225511672117338112
225511656610996224
225511682485661696
225511699011219456
225511657743458304
225511642681712640
225511684712828928
225511660411031552
225511720381190144
225511691411132416
225511676231950336
225511666312417280
225511695559299072
225511679499309056
225511651028377600
225511704564469760
225511670192152576
225511675908988928
225511679637721088
225511665796517888
225511687921475584
225511654710980608
225511690912010240
225511669076471808
225511694368124928
225511704996483072
225511662780821504
225511682628268032
225511673249796096
225511649803640832
225511701339049984
225511659354075136
225511697887145984
225511679746772992
225511686507991040
225511706703564800
225511683676844032
225511661476388864
225511710277120000
225511697849397248
225511703281012736
225511674457755648
225511644707561472
225511712185520128
225511719173230592
225511652496384000
225511668053061632
225511677867724800
225511713456394240
225511648390164480
225511716279169024
225511689733414912
225511655948300288
225511713292824576
225511718753808384
225511652144062464
225511693881581568
225511667780431873
225511664492089344
225511674050916352
225511671949565952
225511644246188032
225511715247370240
225511654966824960
225511670703853568
225511676877869056
225511647261888512
225511706263171072
225511700898656256
225511661325398016
225511680770183168
225511697710977024
225511659265994752
225511686050816000
225511709144653824
225511658074808320
225511682682793984
225511669743362048
225511646196539392
225511695123099648
225511704296034304
225511678928883712
225511666710884352
225511688756137984
225511643440885760
225511654002139136
225511691935424512
225511660121632768
225511698746974208
225511663409958912
225511681810378752
225511672448692224
225511702026919936
225511698335928320
225511656908791808
225511685560078336
225511659731558400
225511710935621632
225511701028679680
225511662424305664
225511673065246720
225511707408207872
225511694678495232
225511651670102016
225511688559009792
225511705373970432
225511669290377216
225511653859528704
225511676546519040
225511713913573376
225511690710683648
225511665532280832
225511650546036736
225511716761509888
225511689632751616
225511655931514880
225511664328511488
225511716379824128
225511644388790272
225511648440496128
225511667902066688
225511693881577472
225511677809008640
225511652588658688
225511719135490048
225511712290377728
225511644636254208
225511690027020288
225511674537455616
225511703343935488
225511697710981120
225511710247755776
225511683769118720
225511661522530304
225511700726689792
225511706821005312
225511686428299264
225511703683665920
225511679860023296
225511682728927232
225511709039800320
225511710402945024
225511659211460608
225511685920796672
225511680833101824
225511700881870848
225511706305114112
225511647379333120
225511676752044032
225511654878744576
225511715314475008
225511644221022208
225511716555993088
225511674084466688
225511672025059328
225511664454344704
225511652190195712
225511694200348672
225511718665728000
225511713322184704
225511702135975936
225511685350363136
225511656904593408
225511672410935296
225511663531593728
225511681864896512
225511698705035264
225511682204643328
225511719978545152
225511660100657152
225511642295836672
225511676517163008
225511653859532800
225511691801202688
225511688810668032
225511678845001728
225511666694103040
225511704233119744
225511679176355840
225511695219560448
225511669885964288
225511665444200448
225511690589052928
225511669361680384
225511676701712384
225511705290088448
225511694703665152
225511651766571008
225511672905871360
225511662483025920
225511701053837312
225511649476489216
225511685530726400
225511659639287808
225511657030422528
225511698189131776
225511658557157376
225511686826758144
225511680027791360
225511700093345793
225511707013947392
225511683379040256
225511709949956097
225511645005357056
225511674755551232
225511671244922880
225511665389678592
225511652752236544
225511693151768576
225511719521361920
225511712508481536
225511648079777792
225511677599293440
225511655663079424
225511715993956352
225511667415523328
225511651833679872
225511718430838784
225511712978243584
225511643973554177
225511673727954944
225511690509357056
225511671161032704
225511655260426240
225511715549360128
225511647584849920
225511668921282560
225511677146304512
225511661015011328
225511705931821056
225511685765599232
225511697270579200
225511680468201472
225511704015024128
225511658414542848
225511696884707328
225511709471813632
225511682988978176
225511662264918016
225511670066327552
225511675854458880
225511704585445376
225511695450247168
225511650990624768
225511646636941312
225511666366947328
225511691469860864
225511643159859200
225511684792524800
225511660448784384
225511642488770560
225511657667956736
225511699078320128
225511672176062464
225511663128940544
225511701745897472
225511697987805184
225511710642024448
225511659433766912
225511701326475264
225511707710201856
225511673379823616
225511662734680064
225511682515021824
225511705088765952
225511688177328128
225511694317785088
225511713607393280
225511653544955904
225511669017747456
225511654790664192
225511691050426368
225511717076082688
225511687837593600
225511650835439616
225511679667085312
225511665892986880
225511665603588096
225511690735849472
225511643612852224
225511669500096512
225511705453662208
225511667017064448
225511694863052800
225511718053359616
225511673082032128
225511662642405376
225511701213220864
225511649627484160
225511649270968320
225511659794468864
225511663829397504
225511698356903936
225511708838473728
225511685203566592
225511702295355392
225511721790484480
225511711120171008
225511672553549824
225511656766185472
225511663661617152
225511682062032896
225511698843443200
225511720179867648
225511660260040704
225511642463604736
225511692048670720
225511676391337984
225511714240737280
225511646062317568
225511666845097984
225511704396697600
225511695399915520
225511679037935616
225511670045347840
225511682863140864
225511708872024064
225511686075977728
225511680971509760
225511706158313472
225511647249309696
225511676903038976
225511655008772096
225511715167678464
225511644086804480
225511674231263232
225511656241893376
225511652316024832
225511718497955840
225511713162797056
225511656065736704
225511664194297856
225511716237221888
225511648302080000
225511678010331136
225511693705420800
225511652727070720
225511718992875520
225511712156160000
225511644472680448
225511674688450560
225511689842462720
225511710084177920
225511700563107840
225511683920109568
225511706665820160
225511703541063680
225511686621245440
225511680006819840
225511698163970048
225511710788820992
225511659584761856
225511701456494592
225511720666406912
225511711984201728
225511707856998400
225511673526628352
225511662873096192
225511688030531584
225511705227177984
225511694510731264
225511713741615104
225511669168738304
225511653398159360
225511691218198528
225511714928594944
225511717231267840
225511647014428672
225511666027212800
225511650684448768
225511691377586176
225511670204735488
225511704753213440
225511695613833216
225511646855041024
225511717394849792
225511666526326784
225511691692154880
225511643310862336
225511650269204480
225511701632651264
225511660595580928
225511642706882560
225511673698594816
225511699212546048
225511707987030016
225511672322859008
225511663279943680
225511701875924992
225511651976294400
225511667243560960
225511718288236544
225511712827252736
225511643826753536
225511673887334400
225511655398846464
225511670854848512
225511715394162688
225511647429664768
225511677297307648
225511660876603392
225511705780817920
225511685912399872
225511680635969536
225511697111199744
225511658263556096
225511709295644672
225511683139969024
225511686986149888
225511680166207488
225511683282575360
225511706850365440
225511683534229504
225511709803159552
225511644866949120
225511674889768960
225511652911620096
225511677490237441
225511719315836928
225511712365879296
225511647937175552
225511677729320960
225511655814074368
225511715834564608
225511665934938112
225511704879046656
225511647047987200
225511715016679424
225511670485749760
225511691071401984
225511669227458560
225511694540083200
225511705147482112
225511662919229440
225511673400799232
225511711917084672
225511720767074304
225511650080464896
225511643034038272
225511660729806848
225511701494247424
225511659496677376
225511698038140928
225511701976588288
225511684901572608
225511663393181696
225511656451616768
225511672276717568
225511708008001536
225511699153817600
225511682338852864
225511642836905984
225511660570423296
225511650214686720
225511720565743616
225511676093538304
225511691587301376
225511666517942272
225511717252239360
225511679344128000
225511695701909504
225511704698695680
225511670317985792
225511683148361728
225511709211758592
225511680438833152
225511680703078400
225511685778182144
225511705826959360
225511677188251648
225511653201027072
225511647572267008
225511715457085440
225511655319154688
225511673912496128
225511643809984512
225511712852414464
225511718200160256
225511652043395072
225511715947814912
225511663896502272
225511655780524032
225511693399232512
225511677683175424
225511647995895808
225511712453959680
225511719294865408
225511653008089088
225511690165432320
225511674986242048
225511644745314304
225511709777993728
225511683618123776
225511700252725248
225511706997174272
225511680279449600
225511686927421440
225511703851442176
225511708733612032
225511698478542849
225511659882549248
225511711111782400
225511649375817728
225511701171277824
225511662579494912
225511673237213184
225511707550818304
225511718120468480
225511694846275584
225511705541750784
225511688345104384
225511653712728064
225511669470732288
225511643738673152
225511714077159424
225511690874265600
225511650403422208
225511665721020416
225511716904120320
225511669927911424
225511646464970752
225511695290867712
225511704430252032
225511695014043648
225511666878652416
225511645944885248
225511714207178752
225511643612848128
225511692128358400
225511642333589504
225511660289396736
225511698910547968
225511698646315008
225511663560962048
225511672608071680
225511711241809920
225511721710784512
225511702194692096
225511713137627136
225511718598610944
225511667604262912
225511652269891584
225511674210299904
225511644107776000
225511715096367104
225511670561251328
225511655105245184
225511677016289280
225511647123484672
225511706082807808
225511661170200576
225511697488687104
225511680925376512
225511686210203648
225511708976881664
225511657932201984
225511682842177536
225511679880998912
225511686663188480
225511706527404032
225511683819446272
225511710117728256
225511686403137536
225511674604556288
225511644556570624
225511712059699200
225511719009660928
225511652613824512
225511678077448192
225511648247549952
225511716115582976
225511656103489536
225511674361290752
225511714748239872
225511654580948992
225511679469953024
225511695576080384
225511687787261952
225511646704050176
225511717470347264
225511651351339008
225511676202594304
225511691448885248
225511643055005696
225511711627677696
225511720326668288
225511699032190976
225511682464686080
225511708209328128
225511656573243392
225511672150892544
225511701863337984
225511685027401728
225511648671182848
225511681386749952
225511710516195328
225511720960008192
225511684545064960
225511649786867712
225511707739566080
225511657584070656
225511678408798208
225511688210878464
225511645357682688
225511713640943616
225511653427523584
225511675737018368
225511654757109760
225511716946059264
225511650881572864
225511687955034112
225511709526335488
225511696691769344
225511686784823296
225511703981465600
225511662235561984
225511683504873472
225511700370169856
225511658779455488
225511715759075328
225511690303836160
225511674864611328
225511668703178752
225511712625930240
225511647870070784
225511693525069824
225511677569929216
225511664005550080
225511671609823232
225511667289694208
225511689083301888
225511665070907392
225511671152652288
225511645034721280
225511712760147969
225511719630409728
225511668896112640
225511693051113472
225511661052768256
225511697148948480
225511702882553856
225511696867930112
225511658292916224
225511707320131584
225511662386548736
225511699858464769
225511685400698880
225511649082220544
225511708402257920
225511681835536384
225511656782966784
225511682083008512
225511711367634944
225511719819153408
225511676412305408
225511643436691456
225511717801697280
225511651510718464
225511678966640640
225511679188930560
225511687359442944
225511646146211840
225511714320420864
225511654266384384
225511716736348160
225511650512474112
225511665599393792
225511675376316416
225511713892610048
225511653830172672
225511669344899072
225511678828228608
225511705415917568
225511688508674048
225511645579976704
225511707383050240
225511662470438912
225511657248530432
225511684368904192
225511649510035456
225511710918844416
225511721278771200
225511659760922624
225511681642602496
225511664353685504
225511689762779136
225511671798575104
225511644405567488
225511713410256896
225511648427909120
225511718917386240
225511693726388224
225511668417957888
225511644724342784
225511690039595008
225511703314567168
225511659106603008
225511706422550528
225511700756041728
225511661790965760
225511696251363328
225511703578816512
225511699682304000
225511658037059584
225511709161431040
225511710444888064
225511697664847872
225511680803745792
225511703150993408
225511661296033792
225511706284142592
225511692677820416
225511664869580800
225511670666113024
225511654991994880
225511715293499392
225511716442742784
225511689569832960
225511667751071744
225511652177616896
225511718778966016
225511648536965120
225511654237020160
225511714429476864
225511646339141632
225511687468486656
225511695253118976
225511679151185920
225511651623972864
225511717772341248
225511643340218368
225511691868311552
225511676491993088
225511719957569536
225511711334076416
225511682162692096
225511698721804288
225511672436109312
225511656858460160
225511708532285440
225511648973172736
225511685329399808
225511702161133568
225511681684549632
225511721329102848
225511710826569728
225511649447124992
225511684251459584
225511657290469376
225511707445956608
225511645722583040
225511688609345536
225511678706585600
225511651795935232
225511653737897984
225511713972297728
225511675430838272
225511650579582976
225511716610510848
225511703666896896
225511686474444800
225511696209416192
225511661920980992
225511700697325568
225511683815256064
225511706464489472
225511659077246976
225511674571001856
225511689985073152
225511712311357440
225511668376014848
225511677850955776
225511693848027136
225511718778970112
225511713477365760
225511644376207360
225511671911821312
225511664299159552
225511648578899968
225511667625234432
225511672075399168
225511689439817728
225511716526628864
225511670729023488
225511664747941888
225511692728143872
225511661363138560
225511659232436224
225511703180357632
225511697518047232
225511710365192192
225511657953177600
225511699556478976
225511648797003776
225511685077737472
225511656480968704
225511708079300608
225511657709907968
225511682364022784
225511684834471936
225511720205033472
225511711648653312
225511643143090176
225511676118700032
225511651233902592
225511717503905792
225511646603382784
225511687661428736
225511679532863488
225511654614507520
225511675879628800
225511714622418944
225511665922355200
225511650814468096
225511717042524160
225511675686694912
225511669059690496
225511653515603968
225511713561260032
225511645181517824
225511688147968000
225511705118121984
225511678526230528
225511657563103232
225511662755647488
225511707672449024
225511649862361088
225511684662505472
225511659458924544
225511720888700928
225511710604267520
225511681374171136
225511671479803904
225511664072667136
225511693449572352
225511648104943616
225511647769407488
225511693181136896
225511668732530688
225511690354171904
225511665427419136
225511715729711104
225511645030526976
225511658804613120
225511700441468928
225511700152061952
225511662118121472
225511703876612097
225511696704344064
225511709668945920
225511699959123968
225511707232055296
225511709522137088
225511658397769728
225511702832226304
225511680510136320
225511697241214976
225511705952784384
225511660998234112
225511693017550848
225511719714304000
225511712625926144
225511645164736512
225511715582906368
225511655289794560
225511670976487424
225511665221898240
225511689209122816
225511718472785920
225511651858845696
225511667386163200
225511657663770624
225511699078328320
225511682422747136
225511660473954304
225511684771557376
225511642560081920
225511720280535040
225511701745901568
225511685123870720
225511656531304448
225511672188641280
225511663154110464
225511704656744448
225511679574810624
225511650952880128
225511695487995904
225511675833487360
225511670116651008
225511676156452864
225511691495026688
225511666421473280
225511668996775936
225511705059397632
225511694271647744
225511687854366720
225511665855238144
225511679709032448
225511691000094720
225511654807445504
225511659433762816
225511697962639360
225511673337876480
225511682540183552
225511662717906944
225511649908494336
225511701280337920
225511719571693568
225511647840706560
225511712525266944
225511693147582464
225511652794179584
225511671173623808
225511690421284864
225511674755551233
225511665364504576
225511644963418112
225511716006535168
225511655713419264
225511664106221568
225511693483126784
225511677595095040
225511648079785984
225511707076857856
225511700093345792
225511686851923968
225511658511015936
225511703931129856
225511680057155585
225511710021267456
225511683395825664
225511700483420160
225511685702684672
225511680455618560
225511705906655232
225511662285893632
225511682938638336
225511707261407232
225511709442445312
225511704069545984
225511696905670656
225511673706979328
225511644007112704
225511718418264064
225511712940498944
225511651812712448
225511677129531392
225511668921274368
225511647626801152
225511719785603072
225511715536769024
225511655260434432
225511690547109888
225511688886169600
225511666622795776
225511678849200128
225511643382157312
225511691771850752
225511653918253056
225511669844029440
225511646385287168
225511704174407680
225511695194394624
225511672398360576
225511681873285120
225511663481270272
225511702123388928
225511660067106816
225511642270666753
225511698700836864
225511701104177152
225511672993947648
225511662499794944
225511707492093952
225511656988479488
225511698243661824
225511659639283712
225511685497163776
225511710872711168
225511690643582976
225511650613145600
225511665460977664
225511716665044992
225511705315250176
225511688647086080
225511651749793792
225511694762389504
225511653779836928
225511676634603520
225511669382647808
225511714001653760
225511661589630976
225511683743952896
225511710184837120
225511703352324096
225511697761316864
225511686411526144
225511679805497344
225511706779070464
225511677809004544
225511667969167360
225511648444682240
225511713548673024
225511716342079488
225511655893770240
225511689632755712
225511674537447424
225511644640456704
225511719106129920
225511712290377729
225511652555108352
225511715327062016
225511670787747840
225511654882942976
225511676785598464
225511647362560000
225511718674108416
225511713359929344
225511694066135040
225511667683958784
225511652211175424
225511672025063424
225511674105442304
225511664412405760
225511644187463680
225511709056569344
225511657986732032
225511682766680064
225511706330275840
225511700823158784
225511661388308480
225511685983707136
225511659186294784
225511697585152000
225511680837292032
225511682120749056
225511698793111552
225511719869493248
225511660188733440
225511685446840320
225511702060478464
225511681772630016
225511663464488960
225511672494829568
225511656824905728
225511695127289856
225511679256047616
225511704321200128
225511669831442432
225511691948011520
225511676454248448
225511653939220480
225511666773798912
225511678928887808
225511688722587648
225511676592664576
225511669302956032
225511651678494720
225511694640750592
225511705369784320
225511665528082432
225511690681331712
225511659698003968
225511685606219776
225511698264633344
225511656959123456
225511662415908864
225511673019109376
225511700965761024
225511649539403776
225511652538327040
225511712223272960
225511719215177728
225511644686585856
225511674487115776
225511690094120960
225511664399814656
225511656011214848
225511689704054784
225511644447510528
225511716321103872
225511648381767680
225511677892890624
225511667973365760
225511693764141056
225511706749706240
225511679780335616
225511703620751360
225511686507995137
225511697803251712
225511703272632320
225511710319058944
225511661421862912
225511700810567680
225511683689418752
225511710495219712
225511680753410048
225511686004678656
225511659278569472
225511700948979712
225511706250584064
225511682657624064
225511709140463616
225511716472098816
225511644292321280
225511664542425088
225511671966343168
225511673992192000
225511693999026176
225511652131483648
225511713229901824
225511718737031168
225511647341588480
225511676823351296
225511654924881920
225511715243175936
225511666262089728
225511691394355200
225511643113725952
225511675913179136
225511670154403840
225511651053547520
225511695546724352
225511704505753600
225511646762766336
225511663183466496
225511672108945408
225511701808820224
225511642622996480
225511660356513792
225511684721217536
225511698990243840
225511657756045312
225511701406162944
225511707785703424
225511682577936384
225511662797598720
225511673316909056
225511697941667840
225511710553944064
225511659366649856
225511690949767168
225511654706782208
225511716992200704
225511665804910592
225511650936102912
225511679608369152
225511687917277184
225511694418452480
225511688265408512
225511705017462784
225511713691275264
225511669080657920
225511653477855232
225511683462934528
225511709899632640
225511680094908416
225511686742872064
225511658460680192
225511700022046720
225511707102027776
225511648172060672
225511677515407360
225511655579193344
225511716044283904
225511644934057984
225511665318375424
225511671328804864
225511674814279680
225511693231460352
225511652836118528
225511712571404288
225511719399723008
225511655193325568
225511690421276672
225511671169429504
225511715637436416
225511647656153088
225511677087584256
225511668828999680
225511651904991232
225511667319058432
225511713045356544
225511718372118528
225511643902251008
225511673811841024
225511696825978880
225511704111493120
225511658360020992
225511709371146240
225511662344605696
225511683056087040
225511661094707200
225511706024095744
225511680556281856
225511697220247552
225511685677522944
225511649698779136
225511684175962112
225511657051398144
225511707517259776
225511708779745280
225511663724539904
225511681462251520
225511672851341312
225511702400212992
225511711053058048
225511721446543360
225511675170795520
225511650344710144
225511716857974784
225511645827440640
225511718174986240
225511678639484928
225511667063197696
225511688277995520
225511653658210304
225511692434542592
225511714022629376
225511694963707904
225511651426836480
225511705646608384
225511718003027968
225511645999407104
225511643549937664
225511669571399680
225511692161916928
225511676290670592
225511654161522688
225511714530144256
225511646406250496
225511695332810752
225511679084081152
225511687250386944
225511698600177664
225511672679378944
225511656636162048
225511708620369920
225511649178693632
225511685228728320
225511659991605248
225511702265991168
225511711552180224
225511720033062912
225511681957175296
225511698965078016
225511664664064000
225511670527700992
225511692447129600
225511667558125568
225511678228443136
225511689364320256
225511656279642112
225511657873481728
225511699480973312
225511683999801344
225511661128265728
225511697383821312
225511702949666816
225511700626026496
225511683861385216
225511681026039808
225511659005947904
225511686319247360
225511696112951296
225511703427813376
225511686696734720
225511661690294272
225511678123585536
225511652349579264
225511693583781888
225511664219459584
225511674323546112
225511671681130496
225511674663276544
225511689896996864
225511712097439744
225511668271161344
225511669269409792
225511653272326144
225511713812914176
225511645496090625
225511678320713728
225511688072474624
225511705185230848
225511695827738624
225511665989459968
225511650755747840
225511704828719104
225511717113835520
225511670435422208
225511675627974656
225511659542810624
225511710675574784
225511721207476224
225511681286082560
225511699258675200
225511662977953792
225511657475026944
225511707890561024
225511649975611392
225511642979504128
225511684448591872
225511660683669504
225511663091191808
225511682313691136
225511673576960000
225511701670408192
225511711732535296
225511720515416064
225511648859918336
225511684868018176
225511656418054144
225511708326768640
225511646892789760
225511679277010944
225511666132062208
225511687573348352
225511654337679360
225511691268534272
225511714844712960
225511643222781952
225511676043202560
225511651154210816
225511717562626048
225511680736628736
225511696989556736
225511702660263936
225511705877286912
225511660922744832
225511699761995776
225511709253709824
225511680384311296
225511658129334272
225511687049060352
225511688957468672
225511718246297600
225511652093726720
225511667130314752
225511653150691328
225511692929478656
225511715519991808
225511664966053888
225511655369478144
225511675099492352
225511670900994048
225511668514430976
225511677364412416
225511690140262400
225511655482732544
225511644791443456
225511663862943744
225511671416885248
225511693374074880
225511648046227456
225511683328716800
225511662021648384
225511696381386752
225511703805308928
225511658582315008
225511700177231872
225511684469563392
225511660784328704
225511642916597760
225511650118217728
225511712009363456
225511707806674944
225511657353388032
225511699384508416
225511681172840448
225511721018728448
225511710746873856
225511670389284864
225511675497951232
225511714991509504
225511717180936192
225511704920993792
225511695794180096
225511650655080448
225511687980195840
225511678337495040
225511645458345984
225511713724833792
225511653360414720
225511717692649472
225511651141627904
225511675997073408
225511691750879232
225511643281494016
225511714823737344
225511654476095488
225511691331444736
225511687539798016
225511679394455552
225511666182397952
225511695664160768
225511646783741952
225511708301598720
225511656367730688
225511672360603648
225511701930446848
225511684960292864
225511648893472768
225511720431521792
225511711862562816
225511701590708224
225511673627287552
225511662994726912
225511699241897984
225511682242387968
225511675078516736
225511670821302272
225511664999604224
225511653087780864
225511692791062528
225511667193221120
225511688995213312
225511658196443136
225511687174893568
225511680325595136
225511699782971392
225511660830470144
225511702513459200
225511697073446912
225511683571978240
225511700294676480
225511658687172608
225511687049056256
225511703742386176
225511696586907648
225511683244830720
225511661996482560
225511693311152128
225511677767065600
225511671374946304
225511663942635520
225511690232537088
225511674931712000
225511655512084480
225511668623482880
225511677490241536
225511712391049216
225511714114904064
225511653586898944
225511692170309632
225511669571391488
225511705487216640
225511688391237632
225511678610116608
225511666979319808
225511645852602368
225511716799262720
225511650424397824
225511665637142528
225511675292422144
225511649312911360
225511721631096832
225511710994337792
225511702433771520
225511659823837184
225511672679370752
225511663774871552
225511681579687936
225511707601149952
225511657181425664
225511662675955712
225511684150796288
225511649560367104
225511681999122432
225511720108560384
225511711438942208
225511685144842240
225511659962249216
225511721832423424
225511649161916416
225511708641341440
225511656711655424
225511698545647616
225511687288131584
225511678991802368
225511646494330880
225511714551107584
225511654056665088
225511669713997824
225511676341006337
225511643499597824
225511717877198848
225511705638219776
225511695072759808
225511651443613696
225511703058714624
225511697325105152
225511681021841408
225511684029165568
225511661212151808
225511706204442624
225511699447427072
225511657831534592
225511708951715840
225511689322377216
225511656191569920
225511667440689152
225511652337004544
225511678123577344
225511718552481792
225511692598120448
225511670599004160
225511655046520832
225511664643092480
225511715192840192
225511668086611968
225511644510429184
225511689796333568
225511674403237888
225511671723069440
225511664127184896
225511648344023040
225511652475408384
225511693659279360
225511661711269888
225511703490736128
225511695920013312
225511658880114688
225511686277308416
225511681130893312
225511700521164800
225511700449861632
225511683437764608
225511658846556160
225511709618614272
225511703876608001
225511686877097984
225511696775651328
225511662147473408
225511677624463360
225511693449564160
225511671530131456
225511664089444352
225511715679375360
225511674780717056
225511690366750720
225511668803837952
225511647794565120
225511712533655552
225511670968102912
225511665171566592
225511645101830144
225511719739469824
225511712688836608
225511668979998720
225511692975611904
225511667335827456
225511689162985472
225511658368405504
225511696960200704
225511707232051200
225511662319448064
225511699933962240
225511660985651200
225511702781898752
225511697241223168
225511717529063424
225511651284226048
225511691536961536
225511676118708224
225511643130503168
225511714660163584
225511654639677440
225511687720148992
225511695517356032
225511679532871680
225511646582419456
225511708158996480
225511672209608704
225511656506134528
225511685098713088
225511701779456000
225511648729894912
225511720246980608
225511711715766272
225511682393378816
225511699103494144
225511684607971328
225511649879138304
225511707655680000
225511657495994368
225511681307054080
225511720796434432
225511710600077312
225511675653132288
225511654849392640
225511717013172224
225511687875342336
225511650810269696
225511688147963904
225511678505267200
225511645244428288
225511713561251840
225511653507211264
225511668313104384
225511644665614336
225511689968295936
225511689666301952
225511671857295360
225511664282374144
225511644359438336
225511718850269184
225511648482439168
225511713502531584
225511693801889792
225511661870649344
225511703658504192
225511696133918720
225511703402647552
225511659031105536
225511706498048000
225511700684738560
225511710356807680
225511703209713664
225511680883437568
225511697530621952
225511661363142656
225511706363834368
225511699581636608
225511657965756416
225511709106905088
225511716514050048
225511689502724096
225511652232146944
225511667658792960
225511648629235712
225511718682501120
225511692774285312
225511654903918592
225511670754189312
225511664794083328
225511715360616448
225511682158501888
225511719911432192
225511711262781440
225511685312622592
225511649006718976
225511708486144000
225511656845877248
225511681919430656
225511687434936320
225511679151181824
225511646368505856
225511714383343616
225511654182498304
225511676487802880
225511643344416768
225511717730390016
225511651594612736
225511678899531776
225511713972301824
225511669428785152
225511653742096384
225511688621920256
225511705353003008
225511678748528640
225511645672251392
225511716623097856
225511665519702016
225511650592174080
225511675451805696
225511721417183232
225511710843346944
225511659681222656
225511681739067392
225511707454345216
225511657328226304
225511662524960768
225511684297601024
225511649409376256
225511683714588672
225511700793794560
225511706363826176
225511659144355840
225511696381390848
225511686537359360
225511703587196928
225511661849677824
225511693738979328
225511677930643456
225511713410260992
225511718879629312
225511644413964288
225511664349487104
225511671815344128
225511690047987712
225511674503897088
225511712248442880
225511668455710720
225511664810860544
225511670661910528
225511692635877376
225511648507596800
225511667746873344
225511672004091904
225511689548869632
225511716455321600
225511658028666880
225511699627782144
225511661270867968
225511697606127616
225511659307933696
225511703104851968
225511710457466880
225511651577835520
225511717856227328
225511643411521536
225511676420698112
225511691977363457
225511654308323328
225511714362368000
225511646121041920
225511679205707776
225511695169236992
225511687418155008
225511656787152896
225511672511598592
225511708440010752
225511649048666112
225511702089830400
225511685421666304
225511711392800768
225511719840133120
225511698818281472
225511682083004416
225511649510039552
225511684331151360
225511657214980096
225511707378855936
225511681592274944
225511710906257408
225511721245220864
225511675330174976
225511650491502592
225511716690202624
225511645651283968
225511678761115648
225511651712049152
225511688496095232
225511653813391360
225511713871634432
225511647865872384
225511693260820480
225511668678004736
225511665343537152
225511690303844352
225511644934053889
225511715796815872
225511664005558272
225511671567884288
225511693516673024
225511648209801217
225511700051398656
225511662176833536
225511696637239296
225511703943720960
225511709593448448
225511658733309952
225511700361777152
225511697165717504
225511680581439488
225511702920306688
225511706040872961
225511661069537280
225511699896209408
225511707286577152
225511709413089280
225511658301304832
225511689116852224
225511718401482752
225511667289690112
225511651925962752
225511693105635328
225511712709812224
225511719609442304
225511715675189248
225511645055688704
225511665112846336
225511671173615616
225511655226875904
225511682443710464
225511657777008640
225511684750581760
225511711589928960
225511720322469888
225511648696340480
225511685010632704
225511656560668672
225511708179963904
225511646745989120
225511679453171712
225511687732731904
225511654513844224
225511675946737664
225511714689527808
225511643075981312
225511676177424384
225511651305201664
225511717403238400
225511653456883712
225511669105823744
225511713645142016
225511645294764032
225511678488485888
225511705042628608
225511688231858176
225511650898354176
225511665821683712
225511716962832384
225511675778961408
225511659400204288
225511710516191232
225511721001955328
225511681420308480
225511662822756352
225511657617629184
225511707739557888
225511649778470912
225511684582813696
225511680904409088
225511686168252416
225511706074427392
225511682808614912
225511708964294656
225511644158103552
225511674159960064
225511656304807936
225511652257312768
225511713091489792
225511718577643520
225511647157030912
225511676970151936
225511655096848384
225511715075395584
225511652655771648
225511712084856832
225511719080964096
225511644527210496
225511689917968384
225511674621341696
225511664232046592
225511656141230080
225511716174307328
225511648209809408
225511693625724928
225511678102614016
225511706569355264
225511679927132160
225511686667374592
225511703486537728
225511710155485184
225511683840413696
225511700655382528
225511643688341504
225511669462339584
225511667105140736
225511694800130048
225511705541746688
225511718133051392
225511665712640000
225511690836520960
225511649350651904
225511659844800512
225511663758086144
225511698428207104
225511708750393344
225511662566912000
225511673178492928
225511701120946176
225511649740730368
225511698927325184
225511681969758208
225511720075014144
225511642375524352
225511660327153664
225511702228246528
225511685253898240
225511711195664384
225511721673039872
225511663598710784
225511656678109184
225511672633237504
225511679105052672
225511695299252224
225511704480591872
225511669953073152
225511676315836416
225511692132556800
225511714165235712
225511645961654272
225511666924789760
225511670938734592
225511655352700928
225511715482251264
225511647505162240
225511677238583296
225511667155472384
225511652072759296
225511712902754304
225511718221127680
225511643759648768
225511673971216384
225511658146115584
225511709215956992
225511683202879488
225511660952096768
225511705843736576
225511697044090880
225511680703074304
225511685811736576
225511683605536768
225511709736050688
225511680237510656
225511686919041024
225511683362263040
225511706942644224
225511648012677120
225511677649620992
225511655738585088
225511715901681664
225511644766285824
225511674969464832
225511652961951744
225511677393776640
225511712441372672
225511719240343552
225511701544570880
225511711900307456
225511720666411009
225511707924107264
225511662940200960
225511673455316992
225511698080075776
225511710709133312
225511659517648896
225511691104952320
225511715012481024
225511647073148928
225511717159972864
225511650785107968
225511665955901440
225511694590418944
225511705155866624
225511688114413568
225511713838084096
225511653318467584
225511669248438272
225511666467606528
225511691574714368
225511643239559168
225511691289501696
225511670297006080
225511695710302208
225511704673521664
225511717294190592
225511646947315712
225511663338655744
225511672238977024
225511701959815168
225511650185326592
225511642799153152
225511701703954432
225511660499116032
225511699124465664
225511673606311936
225511708066717696
225511685841100800
225511680627576832
225511705755656192
225511683085438976
225511709287256064
225511680367534080
225511673853775872
225511643881287680
225511718271455232
225511712793702400
225511651976290304
225511677267947520
225511653117145088
225511647467409408
225511715389976576
225511655382061056
225511719374565376
225511712374272000
225511652932595712
225511674898165760
225511690253512704
225511644845973504
225511715880710144
225511655851827200
225511663971999744
225511677737701376
225511693340516352
225511647937171456
225511706904895488
225511703763361792
225511687019704320
225511680212340736
225511709853495296
225511700324028416
225511683555209216
225511669151965184
225511705222983680
225511694447812608
225511704958742528
225511666010431488
225511646947323904
225511714945372160
225511670418649088
225511691146899456
225511659580559360
225511698134609920
225511673493069824
225511662856314880
225511650155962368
225511720645439488
225511711988387840
225511660801101824
225511701435527168
225511642954338304
225511707940884480
225511682280132608
225511699216732160
225511660654309376
225511642778185728
225511720473468928
225511650294370304
225511684972879872
225511701892706304
225511672327057408
225511656388694016
225511663313494016
225511717323542528
225511704790966272
225511695630610432
225511679415431168
225511670259265536
225511691721519104
225511676009652224
225511666610216960
225511715176058880
225511655029743616
225511670640947200
225511676940783616
225511647198978048
225511718502146048
225511713213124608
225511652316033024
225511667491024896
225511674281603072
225511644057440256
225511708909772800
225511657852506112
225511682926059520
225511706175090688
225511661245698048
225511686130511872
225511680988295168
225511697358655488
225511683894943744
225511710046433280
225511686306672640
225511686575099904
225511679952302080
225511706611290112
225511678010335232
225511648314667008
225511716195282944
225511656032178176
225511674432589824
225511674684252160
225511644493647872
225511718950936576
225511712135192576
225511652680929280
225511701234196480
225511673149136896
225511662646603776
225511707634700289
225511708821692416
225511698398842880
225511659794477056
225511649283551232
225511711027896320
225511690811355136
225511665628749824
225511650453753856
225511716824424448
225511718036582400
225511688462544896
225511705466249216
225511694934355968
225511669554622464
225511653624651776
225511714148462592
225511643663175680
225511695106318336
225511666807345152
225511646028771328
225511643520577536
225511714295263232
225511692036087808
225511670007607296
225511646536273920
225511704346370048
225511695370563584
225511672536768512
225511698583400448
225511663644848128
225511721807253504
225511711157915648
225511702282768384
225511660205514752
225511642396504064
225511698839244800
225511701250977792
225511707634700288
225511673153335296
225511662659182592
225511698411429888
225511708804911104
225511649283547136
225511711015317504
225511659790278656
225511690794569728
225511716845400064
225511650470535168
225511665620361216
225511705466253312
225511688462536704
225511694934351872
225511718044966912
225511643654795264
225511714161037312
225511653633044480
225511669554614272
225511646037151744
225511695106322432
225511666819936256
225511692048666624
225511714291060736
225511643537346560
225511669999214592
225511704346374144
225511695378944000
225511646540472320
225511672536764416
225511698566619136
225511663644844032
225511702274387968
225511721807257600
225511711157919744
225511660197122048
225511642404884480
225511698822471680
225511670645133312
225511655025545216
225511715176062976
225511647194779648
225511676949176320
225511667482628096
225511652324421632
225511718510538752
225511713225711616
225511644040667136
225511674281598976
225511657852510208
225511708909768704
225511682926063616
225511661245702144
225511706170892288
225511686122119168
225511697358663680
225511680992481280
225511683894947840
225511686310866944
225511710046425088
225511686591881216
225511679960682496
225511706611294208
225511648314662912
225511678006140928
225511656032182272
225511674432598016
225511716186886144
225511644493651968
225511674667470848
225511652680933376
225511718950932480
225511712110030848
225511669168746496
225511705222975488
225511694468788224
225511646959902720
225511704958738432
225511666014621696
225511670418640896
225511691146891264
225511714945376256
225511659555401728
225511698109435904
225511673476288512
225511662847930368
225511660805300224
225511701410357248
225511642962731008
225511720666406913
225511650164355072
225511712000974848
225511699233513472
225511682263363584
225511707932504064
225511650285989888
225511720473464832
225511660654301184
225511642778177536
225511701922066432
225511684972875776
225511656380309504
225511672339636224
225511663317692416
225511704786767872
225511679436398592
225511695626412032
225511717336133632
225511670255067136
225511676030619648
225511691708928000
225511666610212864
225511685862076416
225511680627580928
225511705751457792
225511683106414592
225511680367529984
225511709287260160
225511643881279488
225511673841201152
225511651963703296
225511718271463424
225511712776916992
225511647488385024
225511677267939328
225511653100363776
225511655382065152
225511715381583872
225511652949372928
225511719387140096
225511712386850816
225511644837580800
225511690249314304
225511674902351872
225511655860219904
225511663971995648
225511715884896256
225511647937179648
225511693323735040
225511677750288384
225511706900697088
225511687007113216
225511703763357696
225511680195571712
225511709853491200
225511683555201024
225511700324032512
225511711904505856
225511720691576832
225511701540384768
225511662931808256
225511673438547968
225511707928305664
225511698075885568
225511659500875776
225511710725902336
225511715008294912
225511691113345024
225511665981071360
225511650789306368
225511717159964672
225511647077347328
225511694590414848
225511688118603776
225511705168453632
225511669244239872
225511653301686272
225511713825492992
225511666442448896
225511643239550976
225511691557941248
225511691293691904
225511670288625664
225511646947319808
225511717302575104
225511695701905408
225511704669335552
225511663334469632
225511672251551744
225511701959811072
225511642799149056
225511701703958528
225511660520091648
225511650181128192
225511708062519296
225511699141238784
225511673610510336
225511715473858560
225511655327539200
225511670947131392
225511677238587392
225511647513554944
225511712906940416
225511718208540672
225511652055977984
225511667163865088
225511673971220480
225511643759652864
225511709228544000
225511658137722880
225511683219664896
225511705843732480
225511660943716352
225511680715665408
225511697031503872
225511685815934976
225511683597144064
225511709731852288
225511680216543232
225511686902259712
225511706942648320
225511683349684224
225511677666402304
225511648012668928
225511715910066176
225511655742775296
225511674973663232
225511644757893120
225511712441376768
225511719248736256
225511652982927360
225511677393768448
225511669453959168
225511643692539904
225511718133043200
225511667096760320
225511694800138240
225511705516584960
225511665704247296
225511690828128256
225511659865776128
225511649354850304
225511708750389248
225511663770673152
225511698440794112
225511662575292416
225511673178501120
225511649740726273
225511701133533184
225511681978150912
225511698927333376
225511642383921152
225511660327149568
225511720079200256
225511711195668480
225511721673035776
225511685262290944
225511702211465216
225511663602896896
225511672620650496
225511656678100992
225511695299256320
225511679105048576
225511704488976384
225511669974052864
225511714165239808
225511692136755200
225511676315832320
225511666928988160
225511645965852672
225511680904400896
225511686164066304
225511706061840384
225511682796040192
225511708955914240
225511674180935680
225511656317399040
225511644158111744
225511713091497984
225511718590230528
225511652244721664
225511676982734848
225511647152840704
225511715075399680
225511655096856576
225511712068079616
225511719076765696
225511652655763456
225511674617143296
225511689934741504
225511644543979520
225511716170108928
225511664261410816
225511656128655360
225511678077440000
225511693625733121
225511648234971136
225511706581929984
225511679927136256
225511703465562112
225511686675767296
225511710168059904
225511700655386624
225511683840421888
225511682439524352
225511657772818432
225511711589933056
225511720314089472
225511684750585856
225511684998045696
225511648704737280
225511708179968000
225511656548081664
225511679453175808
225511687753703424
225511646729211904
225511714697908224
225511654522228736
225511675950927872
225511676198391808
225511643067588608
225511717407428608
225511651305205760
225511713645146112
225511669130993664
225511653435908096
225511678480093184
225511688231854080
225511705042620416
225511645303156736
225511716962840576
225511665838465024
225511650898358272
225511675795742720
225511710532964352
225511720989364224
225511659387629568
225511681420304384
225511707756339200
225511662814371840
225511657638604800
225511684591194112
225511649770090496
225511693248241664
225511668673818624
225511647861678080
225511715805212672
225511644946632704
225511665330954240
225511690266091520
225511663997169664
225511671551102976
225511648193032192
225511693516677120
225511700059791360
225511662197813248
225511709572472832
225511696637243392
225511703956303872
225511658733318144
225511700361785344
225511680581443584
225511697161531392
225511702920302592
225511661069541376
225511706040864768
225511707307544576
225511699892023296
225511658301296640
225511709421481984
225511689129439232
225511651925954560
225511667293892608
225511718388903936
225511712709808128
225511719617835008
225511693114019840
225511665112850432
225511655214288896
225511671177814016
225511645076664320
225511715666796544
225511717847830528
225511651561054208
225511692010921984
225511676412309504
225511643415719936
225511714358169600
225511654295744512
225511695186006016
225511679205715968
225511687397191680
225511646125236224
225511708452589568
225511672511606784
225511656787156992
225511685425864704
225511702081449984
225511649036079104
225511711409582080
225511719852711936
225511682099781632
225511698814083072
225511684314374144
225511649522626560
225511707378847744
225511657219166208
225511681588076544
225511710902071296
225511721241022464
225511675342753792
225511716706983936
225511650495705088
225511678765314048
225511651720433664
225511688487702528
225511645642891264
225511713875824640
225511653813399552
225511706380611584
225511700768628736
225511683718787072
225511659131768832
225511696343638016
225511703583006720
225511686541549568
225511661849686016
225511713397682176
225511718862856192
225511677909667840
225511693747363840
225511664366264320
225511671840514048
225511644422344704
225511674499698688
225511690056380416
225511668476678144
225511712248438784
225511664810864640
225511670661914624
225511692635869184
225511667751063552
225511648507604992
225511716455329792
225511671983116288
225511689527889920
225511658041249792
225511699631968256
225511661275066368
225511710444892160
225511697635483648
225511659307937792
225511703117434880
225511682158505984
225511719919824896
225511711283744768
225511649002528768
225511685312618496
225511656850067456
225511681919422464
225511708486148096
225511646355927040
225511687430746112
225511679126024192
225511654182494208
225511714383339520
225511643348602880
225511676466835456
225511651598798848
225511678886944768
225511717717815296
225511653750476800
225511669403623424
225511713976492032
225511645668061184
225511705340416000
225511688626118656
225511678748532736
225511650592169984
225511665498726400
225511716648267776
225511675451809792
225511659698008064
225511721417191424
225511710839148544
225511681726492672
225511657328222208
225511662554320896
225511707454353408
225511649413574656
225511684297596928
225511668329885696
225511689972494336
225511644669812736
225511644363624448
225511689683083264
225511671857291264
225511664282382336
225511693835440128
225511648495017984
225511718837690368
225511713489952768
225511661866463232
225511703650111488
225511696133922816
225511703381680128
225511659022725120
225511700672163840
225511706519015424
225511703230689280
225511697547403264
225511680862461952
225511710361006080
225511706363830272
225511661371535360
225511699602616320
225511709094318080
225511657978343424
225511689498537984
225511716514045952
225511718707671040
225511648612454400
225511667658788864
225511652232142848
225511692770086912
225511715360616449
225511670745796608
225511654908104704
225511664794079232
225511651288424448
225511717524877312
225511643122110464
225511676131287040
225511691524382720
225511654660644864
225511714660167680
225511646582415360
225511687720144896
225511679562227712
225511695517364224
225511656497754112
225511672230588416
225511708146409472
225511648729903104
225511701783654400
225511685090320384
225511720230195200
225511711707373568
225511699124457473
225511682393382912
225511649862365184
225511684607975424
225511657508577280
225511707655675905
225511681311252480
225511720800624640
225511710600081408
225511675644751872
225511654824222720
225511687871143936
225511650801889280
225511717013168128
225511645257015296
225511688143773696
225511678501072896
225511653507207168
225511713561255936
225511683433566208
225511700462448640
225511658846564352
225511686868701184
225511703876603905
225511696767266816
225511709618606080
225511662160064512
225511693449568256
225511677628649472
225511671525945344
225511664089436160
225511690366758912
225511674793299968
225511715687768064
225511647790379008
225511712550424576
225511668787056640
225511645106016256
225511670963904512
225511665171574784
225511668980002816
225511692975607808
225511719739465728
225511712672067584
225511667356803072
225511689162993664
225511658368413696
225511696956002304
225511662302662656
225511699925569536
225511707244630016
225511660985655296
225511702781890560
225511697232826368
225511703058722816
225511681026043904
225511697325109248
225511706183479296
225511661228920832
225511684029161472
225511699468390400
225511708934938624
225511657835732992
225511656204144640
225511689309786112
225511718552473600
225511652345389056
225511678127779840
225511667440685056
225511692581347328
225511715213807616
225511655059107840
225511670594801664
225511664647278592
225511668086607872
225511689796325376
225511644510433280
225511671714689024
225511674399039488
225511664135577600
225511693659287552
225511652458639360
225511648344027136
225511661711273984
225511703486533632
225511695924203520
225511686277312513
225511658875916288
225511681139286016
225511700521160704
225511692161921024
225511669571395584
225511653586903040
225511714123296768
225511645835825152
225511688412213248
225511705478836224
225511666966732800
225511678610120704
225511665645527040
225511650436980736
225511716803452928
225511675300818944
225511702433763328
225511659832217600
225511721622712320
225511649338073088
225511710981763072
225511672691957760
225511681562906624
225511663787454464
225511657168838656
225511662675959808
225511707601154048
225511649577148416
225511684138217472
225511682015891456
225511720133730304
225511711438938112
225511649157718016
225511721832427520
225511659962241024
225511685157429248
225511656715853824
225511698545643520
225511708641333248
225511646519496704
225511687275548672
225511678987612160
225511654023106560
225511714551111680
225511643503800320
225511676341006336
225511669714001920
225511705646600192
225511651443617792
225511695076958208
225511717864607744
225511670821298176
225511675074318336
225511664999608320
225511692807843840
225511653062610944
225511667209998336
225511689007804416
225511687179079680
225511658196447232
225511680342368256
225511699782963200
225511660822073344
225511702505066496
225511697056665600
225511700298862592
225511683559399424
225511658712342528
225511703750778880
225511687036481536
225511696586903553
225511662004875264
225511683236442112
225511677788041216
225511693306961920
225511671370747904
225511663934255104
225511674948497408
225511655528865792
225511690232532992
225511712391045120
225511677490237440
225511668623486976
225511650118213632
225511642237112320
225511712009367552
225511660767555584
225511684482142208
225511642929172480
225511657370169344
225511699388706816
225511707810861056
225511681177038848
225511721035501568
225511710751076352
225511714970542080
225511675481165824
225511670397677568
225511704941965312
225511650655084544
225511695798374400
225511717180944384
225511645466726400
225511687967617024
225511678337486848
225511653331050496
225511713716441088
225511651137429504
225511717692645376
225511643264724992
225511691734097920
225511675997065216
225511691331440640
225511654501265408
225511714823741440
225511646766964736
225511687564963840
225511666169819136
225511695664156672
225511679407034368
225511672368996352
225511656355139584
225511708284817408
225511648897675264
225511684939329536
225511701934645248
225511701590716416
225511720431529984
225511711837392896
225511673631485952
225511682242392064
225511662994722816
225511699258679296
225511696989560832
225511680736636928
225511702660259840
225511660914352128
225511705889873920
225511699745214464
225511680392704000
225511687053258752
225511658116747264
225511709253701632
225511688978436096
225511667138695168
225511652072755200
225511718229512192
225511692937859072
225511653146505216
225511664974434304
225511670917771264
225511655369486336
225511675091099648
225511715520000000
225511677381189632
225511668501852160
225511644787257344
225511655495311360
225511690140258304
225511663858757632
225511671416889344
225511648046223360
225511693365682176
225511662042615808
225511683320324096
225511696381382657
225511703826276352
225511658582323200
225511700202393600
225511713804521472
225511653255557120
225511669277790208
225511678303932416
225511705189429248
225511688076660736
225511645496090624
225511717109637120
225511650747355136
225511695827734528
225511665997852672
225511704853880832
225511675615387648
225511670456393728
225511710675578880
225511721211666432
225511659530231808
225511681286090752
225511707898945536
225511699258683392
225511662952783872
225511657479213056
225511642979512320
225511660683661312
225511684448587776
225511649975607296
225511682296918016
225511663120551936
225511673597931520
225511711724154880
225511720498630656
225511701682982912
225511684851249152
225511648872505344
225511708322570240
225511656409669632
225511666115284992
225511679281205248
225511687581732864
225511646884401152
225511714848911360
225511691268530176
225511654346072064
225511676051595264
225511643210190848
225511717571010560
225511651158396928
225511664664055808
225511670515113984
225511692447133696
225511678232629248
225511667524579328
225511656292225024
225511689347538944
225511657890254848
225511699480977408
225511661136646144
225511683991408640
225511697413181440
225511702966439936
225511683865583616
225511700613435392
225511681038622720
225511686340222976
225511658997551104
225511696087789568
225511686700937216
225511703423623168
225511661690302464
225511693604757504
225511678123581440
225511652349587456
225511664219463680
225511671697903616
225511674319347712
225511689896988672
225511674646507520
225511668271165440
225511712084865024
225511684167569408
225511649711366144
225511707517267968
225511657051394048
225511681462243328
225511663741313024
225511672872316928
225511708771364864
225511711036280832
225511721438162944
225511702404411392
225511675170787328
225511716883144704
225511650344701952
225511667054813184
225511678643675136
225511688286384128
225511718187573248
225511645810667520
225511714022633472
225511692409380864
225511653662396416
225511645999411200
225511718003019776
225511651422646272
225511694972100608
225511705663381504
225511676282286080
225511669592371200
225511692166107136
225511643549933568
225511714521747456
225511654148935680
225511679075692544
225511695337009152
225511687250382848
225511646385287169
225511708620365824
225511698600169472
225511656657137664
225511672658403328
225511659987406848
225511702257606656
225511685241315328
225511649178685440
225511711547994112
225511720037265408
225511698965073920
225511681957171200
225511683450343424
225511709899624448
225511680090710016
225511658485850112
225511686730297344
225511707102023680
225511700038815744
225511677519597568
225511648172052480
225511716056862720
225511655595978752
225511665314177024
225511674826858496
225511671312035840
225511644929855488
225511712575594496
225511719408115712
225511652836126720
225511693227270144
225511715629043712
225511690421280768
225511671173615617
225511655193321472
225511668858368000
225511677079199744
225511647672934400
225511713049554944
225511718363734016
225511667323244544
225511651900792832
225511673803448320
225511643914838016
225511709371142144
225511696800821248
225511704098906112
225511658360025088
225511683056078848
225511662344609792
225511706024091648
225511661094711296
225511697195077632
225511680556273664
225511685677527040
225511666224345088
225511643105333248
225511691394359296
225511670133428224
225511675934154752
225511646745993216
225511695525748736
225511651053543424
225511704505749504
225511663200251904
225511672108949504
225511701817200640
225511642589437952
225511684712837120
225511660369088512
225511698994442240
225511657751846912
225511701389381632
225511662785011712
225511682577932288
225511673291747328
225511707785699328
225511697924886528
225511659354071040
225511710558130176
225511654681612288
225511690962341888
225511650936098816
225511679599972352
225511665809108992
225511687900508160
225511716979613696
225511694414254080
225511705017458688
225511688257015808
225511653477851136
225511669080657921
225511713682894848
225511712202305536
225511719215173632
225511652538322944
225511690089934848
225511674470346752
225511644690788352
225511716312723456
225511644447514624
225511664399818752
225511689720827904
225511655990235136
225511667981750272
225511693764136960
225511677888700416
225511648381775872
225511706753904640
225511679805497345
225511686524776448
225511703620759552
225511710335832064
225511697794867200
225511703272628224
225511683693617152
225511661421867008
225511700810571776
225511680753405952
225511659282767872
225511686000480256
225511710474252288
225511706246385664
225511700948983808
225511682645037056
225511709127876608
225511664538226688
225511673992196096
225511671966347264
225511644288135168
225511716480495616
225511713246679040
225511718745411584
225511652131475456
225511693965463552
225511676844318720
225511647329001472
225511715243167744
225511654941663232
225511698772135936
225511682133336064
225511660176154624
225511719886266368
225511702043697152
225511685463613440
225511663451901952
225511681793593344
225511656824909824
225511672482242560
225511679256043520
225511695139876864
225511704321208320
225511669835636736
225511676454252544
225511653939224576
225511691981561856
225511678907920384
225511666786373632
225511688697417728
225511669286178816
225511676596850688
225511694632357888
225511651695276032
225511705361391616
225511665523896320
225511690681327616
225511685593640960
225511659710590976
225511698277208064
225511656959127552
225511662424301568
225511673031696384
225511649547784192
225511700978348032
225511683756531712
225511661581250560
225511703343931392
225511697740341248
225511710184841216
225511686428307456
225511679805493248
225511706791645184
225511648461459456
225511713536086016
225511667960786944
225511677800624128
225511689653719040
225511655881191424
225511716342075392
225511644644642816
225511674529062912
225511652550905856
225511719106121728
225511712269414400
225511654887141376
225511670775160832
225511715327053824
225511647362560001
225511676793991168
225511652211167232
225511694061936640
225511667662983168
225511718674112512
225511713368313856
225511644187467776
225511674122211328
225511672008290304
225511664416591872
225511657995112448
225511709052383232
225511682758287360
225511700827344896
225511661388312576
225511706317688832
225511659198881792
225511685983703040
225511680841490432
225511697585156096
225511688886165504
225511678853386240
225511666631192576
225511653918248960
225511691788623872
225511643386355712
225511669844021248
225511704191176704
225511695202787328
225511646381088768
225511672385769472
225511663477071872
225511681873293312
225511702110806016
225511660071297024
225511642283249664
225511698688249856
225511701108363264
225511707492098048
225511673006526464
225511662512381952
225511656980099072
225511698243657728
225511710860124160
225511685476200448
225511659651862528
225511690622607360
225511716681822208
225511665456779264
225511650613137408
225511688659677184
225511705298481152
225511694762385408
225511651753996288
225511714001657856
225511669378457600
225511653800808448
225511676634607616
225511652802572288
225511693139189760
225511647823925248
225511719575891968
225511712525258752
225511644967604224
225511674772332544
225511671169425408
225511690400313344
225511665364508672
225511655713411072
225511664110411776
225511716035899392
225511648071393280
225511677611880448
225511693483118592
225511700093349888
225511707068473344
225511658515214336
225511703935328256
225511686843543552
225511680057159680
225511710008676352
225511700491800576
225511683395821568
225511685702692864
225511680459804672
225511705906647040
225511707261411328
225511682947035136
225511662281695232
225511704069541888
225511696893095936
225511709442453504
225511644019699712
225511673698586624
225511651812716544
225511718418259968
225511712927911936
225511719773024256
225511647643570176
225511668946444288
225511677112750080
225511690547105792
225511655247847424
225511715536777216
225511657663766528
225511682418548736
225511699078328321
225511720267943936
225511684763160576
225511660486529024
225511642551685120
225511685123878912
225511701745901569
225511672188637184
225511656531300352
225511663166689280
225511704631582720
225511695475421184
225511679579009024
225511650952884224
225511670108270592
225511675833491456
225511691495022592
225511676164845568
225511666421477376
225511668996780032
225511705067790336
225511694296821760
225511687837585408
225511679704829952
225511665867825152
225511654807441408
225511690995896320
225511659421175808
225511697962643456
225511673325297664
225511662717902848
225511682561150976
225511701276139520
225511649904308224
225511661728047104
225511695945179136
225511703486537729
225511681118314496
225511686285697024
225511658892693504
225511700521168896
225511668086616064
225511689762770944
225511664110407680
225511671727267840
225511674420011008
225511693625724929
225511652454436864
225511656174784512
225511674281598977
225511689305600000
225511713225715712
225511678140358656
225511667482632192
225511676970143744
225511692581351424
225511664626307072
225511670624161792
225511697341878272
225511703054520320
225511686151479296
225511661228924928
225511684045938688
225511699430649856
225511682938642432
225511657835737088
225511646523695104
225511678987603968
225511687296524288
225511654060863488
225511714567888896
225511643520573440
225511714303651840
225511676341002240
225511669688832000
225511651472969728
225511695102128128
225511705634017280
225511717889773568
225511681986531328
225511711451516928
225511720091787264
225511711178895360
225511649153519616
225511659949662208
225511685128069120
225511698558226432
225511656690692096
225511708662308864
225511702467321856
225511711015313408
225511721622704128
225511681546137600
225511698411433984
225511663774863360
225511672696156160
225511673153327104
225511657147863040
225511707634708480
225511649547788288
225511684125630464
225511701276135424
225511692178690048
225511653607878656
225511714148458496
225511643688349696
225511645873577984
225511694942736384
225511666958340096
225511678589153280
225511688449957888
225511650436976640
225511716811845632
225511690815541248
225511675271454720
225511693323743232
225511715901673472
225511663955226624
225511655860211712
225511671366561792
225511655537258496
225511690245115904
225511719391338496
225511677406355456
225511652953559040
225511668610895872
225511700311449600
225511709878657024
225511658678788096
225511680216539136
225511696586911745
225511703767560192
225511706925862912
225511661988098048
225511683236433920
225511680342364160
225511687162302464
225511658171277312
225511699799744512
225511660822077440
225511697056673792
225511702547009536
225511664999600128
225511670787739648
225511675074326528
225511692816224256
225511653096165376
225511647492575232
225511667176452096
225511689007800320
225511643893866496
225511663330267136
225511656376111104
225511708272238592
225511648906055680
225511684972883968
225511642778181633
225511660662689792
225511701573935104
225511711837401088
225511720452501504
225511650294374400
225511682254970880
225511663007313920
225511673618903040
225511666622799872
225511651133231104
225511717680058368
225511643260526592
225511675997069312
225511670276034560
225511691331448832
225511654463516672
225511714798575616
225511646771154944
225511666194984960
225511679402848256
225511687543988224
225511704807739392
225511675518914560
225511670401863680
225511650638311424
225511695794184192
225511704941961216
225511717172555776
225511645445754880
225511678362656768
225511687971803136
225511653331046400
225511713703866368
225511650168541184
225511720666402816
225511642237120512
225511642941763584
225511660801110016
225511684482150400
225511699371921408
225511657374355456
225511707789889536
225511681181229056
225511710734295040
225511721035509760
225511662042624000
225511683349688320
225511703771750400
225511696402358272
225511658594906112
225511700152070144
225511677381193728
225511668518621184
225511655474339840
225511690127683584
225511671433666560
225511663858753536
225511693357289472
225511688936501248
225511673992187904
225511667138699264
225511712927920128
225511692916895744
225511653138112512
225511677251166208
225511670913572864
225511675112067072
225511664936685568
225511685820133376
225511702651867136
225511697010528256
225511660943712256
225511683228049408
225511699736829952
225511687074222080
225511658137718784
225511680367538176
225511687594319872
225511666115289088
225511679256039424
225511717302571008
225511646930538496
225511714848903168
225511691289505792
225511654354464768
225511676039012352
225511643239555072
225511717579403264
225511651158401024
225511673597927424
225511682296909824
225511663087005696
225511708079296512
225511720498634752
225511711745126400
225511701682987008
225511684851245056
225511648851533824
225511708339347456
225511656409673728
225511721190690816
225511710692347904
225511698092662784
225511681269309440
225511707894747136
225511657462435840
225511673476296704
225511699279646720
225511701561352192
225511660671082496
225511684415037440
225511642979512321
225511649963020288
225511713825497088
225511653301694464
225511688097640448
225511678303940608
225511694603001856
225511645512871936
225511647089922048
225511717138997248
225511704811937792
225511650768326656
225511695852900352
225511675611189248
225511691121725440
225511670435426304
225511693625729024
225511652387332096
225511671668551680
225511674310955008
225511656162209792
225511664227856384
225511716186890240
225511689913769984
225511668250189824
225511652668350464
225511719085154304
225511700638601216
225511686310858752
225511658997555200
225511681038618624
225511710168064000
225511703444594688
225511696066813952
225511679939710976
225511661673525248
225511706602905600
225511657873477632
225511699489370112
225511661111480320
225511683983028224
225511702966448128
225511697367048192
225511670494138368
225511664672452608
225511647182204928
225511692484878336
225511678228439040
225511667511992320
225511644174880768
225511656292229120
225511689393680384
225511708599394304
225511656665518080
225511663623876608
225511698583392256
225511660016766976
225511685253902336
225511649187082240
225511720054034432
225511711539601408
225511660352315392
225511642383912960
225511681957179392
225511717982052352
225511705671774208
225511651414253568
225511666945757184
225511694946934784
225511676307451904
225511669592363008
225511643533156352
225511714513362944
225511654132162560
225511669974048768
225511704488972288
225511687250391040
225511679092461568
225511646381084672
225511675179180032
225511716857978880
225511650323730432
225511688277987328
225511667084173312
225511678643671040
225511645814853632
225511714010042368
225511692417773568
225511653633036288
225511684192735232
225511649723944960
225511707517263872
225511657063985152
225511672813596672
225511681462247424
225511663741308928
225511721475911680
225511711036284928
225511702383439872
225511709392113664
225511704132460544
225511696788230144
225511683043495936
225511699929772032
225511662332026880
225511706024087552
225511685656555520
225511702924496896
225511680568860672
225511715654209536
225511645093433344
225511690421280769
225511655201714176
225511665138012160
225511693109833728
225511668812226560
225511677079203840
225511647677132800
225511718388895744
225511713041158144
225511651909177344
225511689142013952
225511673803444224
225511643914838017
225511677507014656
225511648184635392
225511716069449728
225511655608553472
225511674793308160
225511671295254528
225511665339338752
225511644934053888
225511715809398784
225511719416508416
225511712558817280
225511652836122624
225511693248245760
225511683450347520
225511709903822848
225511658456489984
225511686730293248
225511680111681536
225511709610221568
225511707135578112
225511700038819840
225511654677426176
225511675808329728
225511690924601344
225511687900504064
225511679620943872
225511665821691904
225511705025843200
225511678501064704
225511694389088256
225511669093244928
225511701385191424
225511684599586816
225511657638596608
225511673291739136
225511662810173440
225511682586324992
225511697903923200
225511681437077504
225511659379236864
225511720993562624
225511672083783680
225511663200247808
225511648717316096
225511701787840512
225511684750577664
225511660369096704
225511642648158208
225511657772822528
225511698977665024
225511666295640064
225511691394363392
225511670171181056
225511675934158848
225511704522534912
225511695517356033
225511651053539328
225511674008969216
225511671983120384
225511664538234880
225511644288131072
225511718711857152
225511713238298624
225511652093734912
225511693961273344
225511676844314624
225511647328997376
225511715213815808
225511654916497408
225511659295346688
225511686021451776
225511680749215744
225511706225418240
225511700936400896
225511682678595584
225511709127872512
225511706711961600
225511661870653440
225511686524768256
225511696381382656
225511679776133120
225511710289702912
225511659161128960
225511703251660800
225511697820037120
225511683693621248
225511661430251520
225511719210987520
225511712235851776
225511668497653760
225511652529942528
225511674491314176
225511644678205440
225511716312719360
225511671844704256
225511689695662080
225511655990243328
225511667981758464
225511677909676032
225511648360796160
225511685593632768
225511659693809664
225511656942342144
225511698281406464
225511673031700480
225511662386552832
225511700999315456
225511669286187008
225511676554907648
225511645655470080
225511705365581824
225511694661718016
225511651699462144
225511665523892224
225511690698108928
225511704317009920
225511687430737920
225511695148257280
225511654320910336
225511669768531968
225511714379141120
225511653956001792
225511691977363456
225511688722591744
225511678907916288
225511651582025728
225511666723459072
225511717864611840
225511698797301760
225511660176158720
225511711409577984
225511702073053184
225511672499019776
225511663430938624
225511681772621824
225511708469370880
225511709069160448
225511699606802432
225511682754088960
225511700827348992
225511706355437568
225511680858263552
225511703243268096
225511659165327360
225511685983711232
225511664810856448
225511654903910400
225511715339640832
225511647362555904
225511676756242432
225511692782669824
225511652219559936
225511694116462592
225511713347342336
225511648641814528
225511718678310912
225511644191662080
225511664429182976
225511674092851200
225511689523699712
225511672004087808
225511718862860288
225511648465657856
225511667939815424
225511677796425728
225511689662115840
225511655897960448
225511716358860800
225511644648841216
225511674516475904
225511652571881472
225511712269410304
225511719114510336
225511706519023616
225511683743944704
225511661577052160
225511697740337152
225511703385878528
225511710197428224
225511679809695744
225511686411530240
225511706791653376
225511690622603264
225511675476979712
225511665490333696
225511694745612288
225511651720437760
225511678748536832
225511705332035584
225511669395238912
225511676634599424
225511684318572544
225511701079003136
225511662512386048
225511672985554944
225511657336614912
225511681760047104
225511698243653632
225511657005264896
225511721438158848
225511685505560576
225511659660255232
225511663506432000
225511681877483520
225511672385773568
225511702110801920
225511649019310080
225511642279059456
225511660083879936
225511698671480832
225511678886940672
225511666631184384
225511688873578496
225511653901479936
225511691771846656
225511669856612352
225511695190208512
225511704195375104
225511643994533888
225511673719562240
225511651808514048
225511712953077760
225511718414061568
225511712709816320
225511647618404352
225511668971614208
225511677129535488
225511690530332672
225511655247843328
225511715536773120
225511680438841344
225511685715271680
225511705889869824
225511682951225344
225511662302666752
225511696935038976
225511704052772864
225511709429862400
225511662160060416
225511700076564480
225511707068477440
225511680057155584
225511696775647232
225511658519400448
225511686868709376
225511658850754560
225511709996101632
225511683416797184
225511652773203968
225511668803842048
225511693122416640
225511712525262848
225511719533948928
225511644955025408
225511665356124160
225511674772336640
225511671211368448
225511655684059136
225511671542722560
225511715998150656
225511648058814464
225511677611872256
225511659412795392
225511697979416576
225511662692732928
225511682531799040
225511673337884672
225511701284532224
225511668988383232
225511694305202176
225511705051013120
225511645265408000
225511679704838144
225511665830072320
225511687858556928
225511654820024320
225511691000098816
225511695508975616
225511650952876032
225511687720153088
225511704631578624
225511714676936704
225511670095683584
225511675808321536
225511654673231872
225511691524386816
225511717562617856
225511666400497664
225511651292622848
225511699086708736
225511657655382016
225511711724150784
225511642539110400
225511684771553280
225511660473950208
225511701762682880
225511708167380992
225511663145717760
225511672201228288
225511663657426944
225511672524189696
225511702270189568
225511659979026432
225511711132753920
225511721811456000
225511649170300928
225511642413277184
225511660230676480
225511698822475776
225511646016180224
225511666836709376
225511705646604288
225511692010926080
225511669718200320
225511714274287616
225511670011793408
225511695341195264
225511704363143168
225511675300814848
225511690794577920
225511665645522944
225511678614310912
225511694913384448
225511705470443520
225511718028189696
225511643642208256
225511669567205376
225511701221617664
225511684167577600
225511662659178496
225511657206587392
225511673115586560
225511698377871360
225511681588080640
225511708800724992
225511649291931648
225511721647869952
225511659811246080
225511648314658816
225511652479610880
225511677934833664
225511656044769280
225511716212056064
225511644493647873
225511674663284736
225511652697714688
225511712110022656
225511718963515392
225511683878162432
225511681143484416
225511710046429184
225511679960686592
225511686537351168
225511706623881216
225511708934934528
225511682900893696
225511699472588800
225511706183475200
225511681009262592
225511686113734656
225511703075495936
225511664647282688
225511655046516736
225511715180253184
225511647219953664
225511692619096064
225511676924010496
225511652337000448
225511713196351488
225511718523117568
225511644070031360
225511689322373120
225511674256437248
225511695664164864
225511704774193153
225511687569149952
225511717331935232
225511714832125952
225511654505451520
225511670250868736
225511691734093824
225511717701029888
225511651145818112
225511666593443840
225511699233517568
225511707957669888
225511711875149824
225511650277597184
225511642778181632
225511660629135360
225511701917863936
225511708322566144
225511663313489920
225511672339632128
225511659555397632
225511698147184640
225511662847922176
225511699405479936
225511673505656832
225511701439717376
225511712005173248
225511720666402817
225511669143572480
225511694485561344
225511705197809664
225511645496094720
225511646968295424
225511666014629888
225511695810961408
225511691155283968
225511714970537984
225511662004867072
225511706900705280
225511696591106048
225511680195567616
225511687032283136
225511658712346624
225511709840912384
225511683563597824
225511668657037312
225511652924203008
225511712386846720
225511719366176768
225511644833394688
225511674910748672
225511671404302336
225511655830859776
225511715863924736
225511647916204032
225511677767061504
225511643864502272
225511673857978368
225511651951128576
225511712806281216
225511718271459328
225511647454830592
225511677276336128
225511675082715136
225511655373680640
225511715373191168
225511680594030592
225511685874651136
225511705743077376
225511683106418688
225511687179083776
225511709270482944
225511672234778624
225511663338659840
225511648880898048
225511701947232256
225511660520083456
225511642820120576
225511650193707008
225511708058333184
225511699124461568
225511663112171520
225511666496974848
225511691562127360
225511670301208576
225511717273210880
225511704681914368
225511695676747776
225511666157232128
225511714999902208
225511691100753920
225511675636359168
225511665985261568
225511647068958720
225511705176846336
225511694577836032
225511678333296640
225511669256818688
225511720695762944
225511711896117248
225511684456984576
225511701536186368
225511673430151168
225511657495990272
225511662952787968
225511681290280960
225511698075889664
225511659530227712
225511721207468032
225511677645434880
225511648046231552
225511715910070272
225511655751168000
225511655495307264
225511674948493312
225511644778864640
225511719265505280
225511712407826432
225511652982919168
225511683597152256
225511709761216512
225511686893867008
225511680254283776
225511706963615744
225511709232730112
225511699782967296
225511683186110464
225511705864712192
225511702731563008
225511685807550464
225511680732434432
225511715494830080
225511655352705024
225511664982831104
225511677209223168
225511692954644480
225511647526133760
225511718229516288
225511712894361600
225511652072763392
225511673954447360
225511688978440192
225511643772227584
225511687288135680
225511704459612160
225511695316037632
225511669953077248
225511654178295808
225511714530140160
225511714190401536
225511692140941312
225511666903822336
225511651443609600
225511718015610880
225511645978439680
225511698952499200
225511660310368256
225511642358755328
225511711556378624
225511721664655360
225511711204052992
225511702240825344
225511672637427712
225511663581929472
225511708624560128
225511659832221696
225511702404403200
225511649333874688
225511708758773760
225511672889085952
225511698453368832
225511673182691328
225511662554329088
225511701133537280
225511669437177856
225511692447125504
225511643709313024
225511645835829248
225511718149824512
225511705520771072
225511694829498368
225511665670688768
225511690857492480
225511706552569856
225511661694488576
225511686684160000
225511679914545152
225511696121344000
225511710147096576
225511659022721024
225511683861393408
225511719059984384
225511712084865025
225511652651569152
225511668283748352
225511674633916416
225511644518817792
225511716165922816
225511656124456960
225511671697911808
225511678102605824
225511648209801216
225511674189328384
225511644158107648
225511718577639424
225511713116659713
225511678245216256
225511652227944448
225511676982730752
225511647152844800
225511715062816768
225511655067488256
225511686185037824
225511680887627776
225511706053447680
225511684020768768
225511682812813312
225511708955906048
225511720976785408
225511710545551360
225511681411911680
225511697950052352
225511707756343296
225511673321099264
225511657596661760
225511684557647872
225511701406167040
225511649740726272
225511713666113536
225511653477847040
225511688252825600
225511694431039488
225511678463320064
225511645311537152
225511716979609600
225511650919329792
225511690979123200
225511675770576896
225511687753699328
225511651074519040
225511679436394496
225511646737604608
225511714718883840
225511654530621440
225511676169031680
225511643092754432
225511717407436800
225511651313586176
225511682435321856
225511720297304064
225511711615094784
225511684993847296
225511648683765760
225511708192550912
225511656543883264
225511673820221440
225511689108467712
225511667310661632
225511713087299584
225511719601049600
225511712726585344
225511677104369664
225511693076279296
225511671161036800
225511665087684608
225511645051498496
225511702903533568
225511685685911552
225511697174110208
225511661082120192
225511707269795840
225511699887824896
225511683068669952
225511658326470656
225511662197805056
225511709543108608
225511703952105472
225511658485854208
225511696662401024
225511658741698560
225511700340813824
225511668678008832
225511647844904960
225511715780046848
225511690266095616
225511671345582080
225511671567880192
225511663997165568
225511693495705600
225511675342761984
225511716673429504
225511650483122176
225511688483516416
225511678773694464
225511645634498560
225511713846464512
225511676601049088
225511653800816640
225511684331155456
225511649522618368
225511707366268928
225511657235951616
225511656963313664
225511681600659456
225511721266188288
225511710889484288
225511685627187200
225511708431626240
225511656803938304
225511663468679168
225511685413285888
225511649057050624
225511719852707840
225511711392804864
225511660197126144
225511682099777536
225511717835251712
225511666807353344
225511651548475392
225511676441665536
225511643390554112
225511714345594880
225511669835632640
225511654287347712
225511687380406272
225511704317009921
225511679230881792
225511646125232128
225511658020282368
225511699644555264
225511661249900544
225511700965765120
225511710474248192
225511703109050368
225511697601929216
225511670661918720
225511664865390592
225511647349972992
225511692656848896
225511667709120512
225511694003212288
225511648520183808
225511716472102912
225511644321689600
225511689557254144
225511664555012096
225511718896414720
225511713397678080
225511693747359744
225511656019595264
225511671802765312
225511664366260224
225511644422348800
225511716329496576
225511690077343744
225511652550909952
225511668430540800
225511719240339456
225511706380607488
225511700797992960
225511659127582720
225511710335840256
225511703603978240
225511679784521728
225511696305885184
225511661845487616
225511706766479360
225511710843342848
225511721417187328
225511698260430848
225511681722294272
225511657328218112
225511673014919168
225511707471130624
225511649405177856
225511701116755968
225511684272427008
225511653754675200
225511713976487936
225511645697421312
225511678735953920
225511694787551232
225511688647094272
225511650596360192
225511716648263680
225511675435028480
225511690643574784
225511646368509952
225511679113437184
225511687447515136
225511654199275520
225511714408505344
225511643361189888
225511653939228672
225511676466827264
225511651611389952
225511688907137024
225511717751369728
225511682133331968
225511711292137472
225511719898845184
225511649002532864
225511685270671360
225511656837484544
225511708490346496
225511689485950976
225511674138992640
225511716480491520
225511713368317952
225511648608268288
225511667658797056
225511692765900800
225511676798177280
225511664781500416
225511670766776320
225511697564184576
225511686000488448
225511703201325056
225511710352609280
225511661379915776
225511682796036096
225511699573252096
225511657986727936
225511661904207872
225511696150704128
225511703637536768
225511697794871296
225511659035303936
225511700672159744
225511661614800896
225511706481266688
225511668342464512
225511689947328512
225511644334264320
225511664269795328
225511671869870080
225511693789310976
225511667948195840
225511713527705600
225511718833491968
225511675669917696
225511679734194176
225511650789298176
225511716992192512
225511645223460864
225511678513647616
225511688143777792
225511653498826752
225511713548677120
225511649929469952
225511684624756736
225511682561159168
225511657521156096
225511707655671808
225511681332219904
225511710566518784
225511720800620544
225511663179276288
225511656527114240
225511708125433856
225511648763457536
225511685115486208
225511642585239552
225511660490727424
225511711703175168
225511720267948032
225511682405961728
225511651263258624
225511666442444800
225511717516484608
225511643122118656
225511676135485440
225511654631284736
225511670133436416
225511714647584768
225511646553051136
225511679562231808
225511704656748544
225511687674011648
225511658368409600
225511704082132992
225511699954929664
225511707253022720
225511660964687872
225511697232830464
225511702798675968
225511645110214656
225511665188352000
225511670942932992
225511690559696896
225511692988198912
225511712667869184
225511647647772672
225511719760437248
225511667327442944
225511689179770880
225511644032274432
225511693474734080
225511716035891200
225511664097828864
225511671513358336
225511655713415168
225511690404499456
225511715700346880
225511719588466688
225511647811350528
225511668778672128
225511652810952704
225511700475023360
225511710025453568
225511658825592832
225511696750481408
225511680078123008
225511703905968128
225511709631193088
225511707093643264
225511662134898688
225511658360016896
225511704082124800
225511707261415424
225511699954937856
225511660952100864
225511697220251648
225511702781894656
225511665221906432
225511670955511808
225511690576465920
225511645110218752
225511712659476480
225511719743655936
225511647647768576
225511692988190720
225511667335835648
225511644040671232
225511689179766784
225511693457952768
225511664097824768
225511655738576896
225511671513354240
225511716044288000
225511715700355072
225511690387726336
225511652823539712
225511668778676224
225511647794569216
225511719596859392
225511700475027456
225511658838171648
225511710021263360
225511709639577600
225511680078131200
225511696767262720
225511703914360832
225511662134894592
225511707085250560
225511675665719296
225511716992196608
225511679721607168
225511650801885184
225511678501068800
225511688118611968
225511645231853568
225511713548668928
225511653477851137
225511684624748544
225511649879134208
225511707655675904
225511682577928192
225511657521164288
225511681332228096
225511710566526976
225511720800628736
225511708108664832
225511663183474688
225511656514527232
225511685107093504
225511648763449344
225511711703183360
225511720246976512
225511642560077824
225511660499111936
225511682397581312
225511717516480512
225511666429857792
225511651263262720
225511676135477248
225511643105341440
225511714655965184
225511670116655104
225511654643863552
225511679574806528
225511687682404352
225511704656752640
225511646544670720
225511716497264640
225511674138996736
225511689477558272
225511667662991360
225511713372516352
225511648591482880
225511676810764288
225511692744925184
225511664781504512
225511670766768128
225511710352617472
225511697564176384
225511703209709568
225511685987901440
225511661392498688
225511699581644800
225511682783449088
225511657986723840
225511661883240448
225511696150695936
225511703629144064
225511697790668800
225511659035308032
225511706477080576
225511700659572736
225511661614804992
225511668342460416
225511689947320320
225511664269791232
225511671878262784
225511644338462720
225511713519312896
225511718833500160
225511693801885696
225511667956588544
225511710843351040
225511721371054080
225511681718095872
225511698264629248
225511707466932224
225511673023311872
225511657311440896
225511684268236800
225511701120954368
225511649405181952
225511713989079040
225511653771456512
225511694774964224
225511678735949824
225511688655478784
225511645668052992
225511716648259584
225511650596364288
225511690643578880
225511675451813888
225511679105044480
225511687447523328
225511646385283072
225511714400112640
225511654195077120
225511653918257152
225511676454244352
225511643382165504
225511717738782720
225511651598802944
225511688898744320
225511682133340160
225511711304724480
225511719898853376
225511685279064064
225511648985747456
225511708498726912
225511656845881344
225511658020286464
225511699669721088
225511661258280960
225511700965756928
225511703109054464
225511697597730816
225511710453280768
225511670645137408
225511664852799488
225511692648456192
225511647349968896
225511648520187904
225511667696545792
225511693999022080
225511689544671232
225511664555003904
225511644304908288
225511716472107008
225511693764145152
225511718879633408
225511713393479680
225511716329500672
225511644426547200
225511671815352320
225511656011210752
225511664378851328
225511690085736448
225511719240347648
225511668459909120
225511652550914048
225511700793790464
225511706388992000
225511710335836160
225511659119190016
225511703587205120
225511696297504768
225511679805501440
225511706779066368
225511661824520192
225511675363725312
225511650491506688
225511716673425408
225511645621923840
225511688483512320
225511678790475776
225511676609441792
225511653796618240
225511713871638528
225511649531011072
225511684326952960
225511657227558912
225511707349487616
225511656963317760
225511681600655360
225511685618806784
225511721249419264
225511710889480192
225511656808124416
225511663468687360
225511708444209152
225511649052864512
225511685446832128
225511660197130240
225511719869485056
225511711392796672
225511682103980032
225511651548467200
225511666803154944
225511717835255808
225511643411517440
225511676437467136
225511654291546112
225511669831446528
225511714337198080
225511646121046016
225511704321200129
225511687380410368
225511679214100480
225511689108459520
225511673820225536
225511713066323968
225511667310665728
225511693084659712
225511677100171264
225511719596863488
225511712726593536
225511645055684608
225511671177818112
225511665112854528
225511685685907456
225511702903529472
225511697174114304
225511661077934080
225511683068665856
225511699887820800
225511707269804032
225511658326466560
225511662202007552
225511703947907072
225511658502623232
225511696662405120
225511709543116800
225511658750091264
225511700361781248
225511647844896768
225511668694781952
225511690266087424
225511671328808960
225511715796819968
225511671567888384
225511663997161472
225511693495709696
225511720972587008
225511710558134272
225511697941671936
225511681411919872
225511657613430784
225511673321107456
225511707768918016
225511649740722176
225511701406158848
225511684574420992
225511653461069824
225511713661915136
225511645315735552
225511688252829696
225511678450733056
225511694431031296
225511650898350080
225511716979617792
225511675774775296
225511690974932992
225511646750191616
225511687753707520
225511651103875072
225511679440596992
225511654539014144
225511714739851264
225511643075973120
225511676181622784
225511651326173184
225511717432598528
225511682435325952
225511720297308160
225511711606714368
225511648696344576
225511684989661184
225511656543891456
225511708179959808
225511661690298368
225511706556768256
225511686700933120
225511696112947200
225511679914553344
225511659018522624
225511710155481088
225511683861389312
225511668313100288
225511652651573248
225511719047409664
225511712084860928
225511644514619392
225511674629726208
225511671697907712
225511656120258560
225511716153335808
225511648209805312
225511678102609920
225511644145524736
225511674189320192
225511678266191872
225511652244725760
225511718577647616
225511713116663808
225511647144448000
225511676982726656
225511655075880960
225511715075403776
225511686172450816
225511680887623680
225511684008194048
225511706040868864
225511682817011712
225511708951719936
225511704459616256
225511687267168256
225511695324418048
225511714517561344
225511654174109696
225511669948887040
225511692145139712
225511714177814528
225511645995208704
225511718015606784
225511651426832384
225511666924785664
225511698931523584
225511711568965632
225511660306182144
225511642375528448
225511702240833536
225511721664651264
225511711216640000
225511708624556032
225511672637435904
225511663581925376
225511649350660096
225511659844808704
225511702433767424
225511672889090048
225511698453372928
225511708758777856
225511673195278336
225511662558519296
225511701137723392
225511643692544000
225511669424599040
225511692434546688
225511705508192256
225511694821105664
225511718154022912
225511645827444736
225511665662308352
225511690844901376
225511648025255936
225511677645430784
225511655751159808
225511715918454784
225511644770471936
225511655503704064
225511674956877824
225511652987117568
225511719269703680
225511712412012544
225511683576176640
225511709740249088
225511686877093888
225511680250097664
225511706963611648
225511709245317120
225511683211272192
225511699766194176
225511705877291008
225511685803352064
225511702664450048
225511680732438528
225511655352709120
225511664978632704
225511715494825984
225511647526129664
225511692954640384
225511677209219072
225511652072759297
225511718221131776
225511712885968896
225511643772231680
225511688995221504
225511673950248960
225511672230580224
225511663355441152
225511701947224064
225511648897671168
225511650197901312
225511660541059072
225511642799157248
225511699124457472
225511663120556032
225511708045746176
225511666492776448
225511691549548544
225511670301204480
225511704681918464
225511695676743680
225511666132070400
225511717289992192
225511675627966464
225511691100758016
225511714991517696
225511647073144832
225511665985269760
225511705172643840
225511678324912128
225511694590423040
225511669261017088
225511701515210752
225511684469559296
225511720725127168
225511711896121344
225511657495998464
225511673430155264
225511662952779776
225511698059108352
225511681311256576
225511721232642048
225511659521847296
225511706883923968
225511662021652480
225511680195563520
225511696624652288
225511687028084736
225511709840904192
225511658733314048
225511683555205120
225511712391041024
225511719366168576
225511652932587520
225511668640256000
225511674910744576
225511644808224768
225511715868123136
225511655843434496
225511671400116224
225511677754486784
225511647912005632
225511673857974272
225511643864506368
225511712797888512
225511718258872320
225511651951124480
225511677267943424
225511647463223296
225511715356418048
225511675086901248
225511655373676544
225511680598216704
225511685887238144
225511705743073280
225511683106410496
225511709274681344
225511687195856896
225511717348708352
225511695647379456
225511687573352448
225511704769994753
225511670234099712
225511654522236928
225511714832134144
225511691721515008
225511666576662528
225511651150008320
225511717705228288
225511707940888576
225511699246096384
225511642757210112
225511660633333760
225511711875141632
225511650277593088
225511701917868032
225511663300911104
225511672348028928
225511708322574336
225511659538624512
225511698134605824
225511662839537664
225511699388698624
225511673518235648
225511712009359360
225511720645435392
225511701439713280
225511669135192064
225511645496086528
225511694485557248
225511705214590976
225511666010427392
225511695810965504
225511646968287232
225511714953768960
225511691180453888
225511652479606784
225511677930647552
225511648335630336
225511716203663360
225511656027992064
225511674663280640
225511644493656064
225511712101638144
225511718959329280
225511652697706496
225511683878170624
225511710067404800
225511681160253440
225511679964884992
225511686558330880
225511706632265728
225511708913971200
225511699468398592
225511682905092096
225511706179276800
225511681009266688
225511703088082944
225511686113726464
225511715180261376
225511664643088384
225511655046524928
225511676924014592
225511692598128640
225511647203176448
225511713213132800
225511718523113472
225511652336996352
225511674269011968
225511689330757632
225511644057444352
225511663640645632
225511672515796992
225511711145340928
225511649170296832
225511721828225024
225511702257610752
225511659970633728
225511642438447104
225511660213907456
225511698822467584
225511666819932160
225511705646600193
225511646016184320
225511714265894912
225511692036083712
225511669734969344
225511670011797504
225511695349587968
225511704375730176
225511690777796608
225511675313393664
225511665628745728
225511718028185600
225511694913380352
225511678626897920
225511705466245120
225511669558812672
225511643642204160
225511684146597888
225511701234192384
225511662667575296
225511673132355584
225511657194000384
225511708792332288
225511681588072448
225511698386268160
225511659823833088
225511721647878144
225511649300324352
225511659412791296
225511697979420672
225511682531790848
225511662692741120
225511673337880576
225511701284528128
225511668988387328
225511645269594112
225511694267461632
225511705051017216
225511665838469120
225511679704834048
225511687854370816
225511691008483328
225511654807449600
225511650952884225
225511695496388608
225511704610615296
225511687732727808
225511675812524032
225511654673227776
225511670091493376
225511714681135104
225511691515990016
225511651296808960
225511666396307456
225511717558427648
225511699103490048
225511657655373824
225511642534912000
225511660490731520
225511684758974464
225511711715758080
225511701766868992
225511663154114560
225511672209612800
225511708163182592
225511673711177728
225511643998720000
225511712944697344
225511718401486848
225511651795939328
225511677129527296
225511668971606016
225511712688840704
225511647626797056
225511715519995904
225511655226880000
225511690530336768
225511680455614464
225511685715275776
225511705889878016
225511662285893633
225511682947026944
225511709434060800
225511696918257664
225511704048570368
225511707064274944
225511662181031936
225511700076572672
225511696784044032
225511680057151488
225511686851928064
225511658527793152
225511709991903232
225511658863341568
225511683404210176
225511712525262849
225511719546523648
225511668803833856
225511693130797056
225511652773212160
225511665335152640
225511671190392832
225511674784915456
225511644942446592
225511716006531072
225511671538524160
225511655705026560
225511677624459264
225511648058806272
225511675476975616
225511690618417152
225511665460981760
225511651741413376
225511678756917248
225511694745604096
225511705319448576
225511676659769344
225511669395230720
225511701091590144
225511684297592832
225511662524964864
225511657336606720
225511672998146048
225511698243661825
225511681755848704
225511656992677888
225511659677036544
225511685497167872
225511721429766144
225511681894264832
225511663481262080
225511672369000448
225511649019305984
225511702110810112
225511642279063552
225511660083875840
225511698654695424
225511666643767296
225511678857588736
225511688856809472
225511691771842560
225511653893087232
225511669856604160
225511695190204416
225511704199573504
225511709069156352
225511682749902848
225511699615195136
225511706338668544
225511700844122112
225511680849883136
225511685966925824
225511703243264000
225511659186302976
225511715356413952
225511664798281728
225511654903914496
225511692782678016
225511676773011456
225511647362551808
225511713359933440
225511718682497024
225511648633434112
225511694091292672
225511652223758336
225511664416595968
225511689523703808
225511672004096000
225511674092855296
225511644187471872
225511677796421632
225511667939811328
225511648482430976
225511718850277376
225511716358852608
225511655893766144
225511689653723136
225511674508095488
225511644657233920
225511712265211904
225511719106125824
225511652567683072
225511661556076544
225511683743948800
225511706519019520
225511710226784256
225511697727754240
225511703373287424
225511679826464768
225511686411522048
225511706791649280
225511659697999872
225511685585248256
225511656938156032
225511698289799168
225511673035886592
225511662407528448
225511700999311360
225511676575883264
225511669281988608
225511705353007104
225511651712053248
225511694649143296
225511645655474176
225511665519693824
225511690681323520
225511687430742016
225511704317014016
225511695165038592
225511714379149312
225511669793689600
225511654308319232
225511691981565952
225511653955997696
225511717847834624
225511688730976256
225511666748628992
225511678903717888
225511651577827328
225511698793115648
225511711409573888
225511660167761920
225511702073057280
225511708469374976
225511672494821376
225511681772625920
225511663426736128
225511644283932672
225511671966339072
225511674013159424
225511664525643776
225511693961277440
225511652093730816
225511718737027072
225511713259270144
225511647303839744
225511676848517120
225511654924890112
225511715234783232
225511686004682752
225511659295354880
225511680749219840
225511700944793600
225511706225422336
225511682657628160
225511709111103488
225511661862264832
225511706720342016
225511686528966656
225511679780331520
225511696373002240
225511659156942848
225511703251652608
225511697811644416
225511710302277632
225511661430247424
225511683706195968
225511652517355520
225511668510232576
225511719190011904
225511712231665664
225511644686589952
225511674491318272
225511655973462016
225511671844712448
225511689691475968
225511716295938048
225511648360800256
225511677892894720
225511667998531584
225511690937180160
225511654673223680
225511675808325632
225511687875334144
225511665821687808
225511679608365056
225511705034235904
225511694401679360
225511678480101376
225511669105831936
225511684603785216
225511701385195520
225511673279160320
225511657642795008
225511682586320896
225511662814375936
225511681441275904
225511697899724800
225511721018724352
225511659366658048
225511672083787776
225511663212826624
225511701787844608
225511648717312000
225511660369092608
225511684729610240
225511642639765504
225511657756037120
225511698986045440
225511666295648256
225511691377577984
225511675942539264
225511670162788352
225511704522526720
225511651049349120
225511695517360128
225511704119873536
225511696788234240
225511709392121856
225511699908796416
225511662319439872
225511683043500032
225511706040872960
225511702920310784
225511685669130240
225511680568864768
225511655193317376
225511690446450688
225511665150599168
225511645093437440
225511715637440512
225511647677124608
225511677066612736
225511693122412544
225511668816424960
225511651913375744
225511718376316928
225511713036972032
225511643914842112
225511673790865408
225511689150406656
225511648188833792
225511677507022848
225511655612755968
225511716069453824
225511715813597184
225511644934049792
225511671282667520
225511674797498368
225511665330950144
225511693231468544
225511652861284352
225511719424888832
225511712571396096
225511683437768704
225511709916409856
225511709597634560
225511686721900544
225511658460688384
225511680099094528
225511700043018240
225511707127197696
225511656678105088
225511663623872512
225511698587590656
225511708603584512
225511649178689536
225511685253894144
225511660004192256
225511660352311296
225511642392305664
225511720070815744
225511711539597312
225511681961365504
225511705675960320
225511666945765376
225511694951133184
225511651410055168
225511717973659648
225511643545735168
225511669592367104
225511676290666496
225511669999210496
225511654132166656
225511714500775936
225511646385278976
225511687233609728
225511704497369088
225511679079882752
225511675195953152
225511650344706048
225511716857982976
225511645806465024
225511688277991424
225511678652059648
225511667063205888
225511653641428992
225511692405182464
225511714010050560
225511649711370240
225511684180160512
225511657063976960
225511707496296448
225511672830365696
225511663753900032
225511681474826240
225511702383431680
225511721454936064
225511711036289024
225511652374745088
225511693625733120
225511716186894336
225511674302574592
225511656149622784
225511671676932096
225511664227848192
225511689917960192
225511719080955904
225511652668354560
225511668271157248
225511700617633792
225511710184845312
225511658976583680
225511686310862848
225511681038626816
225511703444598784
225511679948103680
225511696054226944
225511706602909696
225511661635768320
225511657873485824
225511699497750528
225511683978829824
225511661115678720
225511702970642432
225511697367052288
225511670494146560
225511664672448512
225511692468105216
225511647173812224
225511667511988224
225511678228434944
225511689376894976
225511656304816128
225511644174888960
225511646905380864
225511717323550720
225511687606906880
225511679272820736
225511666106904576
225511654367043584
225511691281108992
225511714861490176
225511643218583552
225511676043210752
225511651170988032
225511717587783680
225511708075110400
225511673597923328
225511663091195904
225511682284331008
225511701687185408
225511720481861632
225511711740928000
225511648851537920
225511684838658048
225511656388702208
225511708335149056
225511721194889216
225511710709129216
225511681269305344
225511698092666880
225511673476292608
225511657466634240
225511699271266304
225511707915726848
225511649950445568
225511684431818752
225511701561356288
225511660666888192
225511642979508224
225511653289107456
225511713812918272
225511645538029569
225511688097632256
225511694611394560
225511678303936512
225511704832905216
225511695852908544
225511650755751936
225511717138993152
225511647094120448
225511691134312448
225511670443806720
225511675602804736
225511683332902912
225511662042619904
225511703771746304
225511696435916800
225511658594902016
225511700177235968
225511668518629376
225511677381185536
225511690094125056
225511655482728448
225511671416893440
225511663833583616
225511693353103360
225511673983807488
225511688957472768
225511712923721728
225511667151286272
225511653125525504
225511677251162112
225511692925280256
225511675112071168
225511670913568768
225511664936689664
225511702626705408
225511685824319488
225511696993759232
225511660931125248
225511699745222656
225511683228045312
225511658133532672
225511687078420480
225511680371724288
225511708272242688
225511663330271232
225511656367726592
225511684968685568
225511648914448384
225511711833202688
225511650311155712
225511720452497408
225511642778185729
225511660662697984
225511701565542400
225511663019892736
225511682246578176
225511673618894848
225511717680066560
225511651129044992
225511666614415360
225511676022239232
225511643243745280
225511714802774016
225511654471897088
225511670276038656
225511691310473216
225511679415427072
225511666182393856
225511704795164672
225511687539789824
225511646766968832
225511670406062080
225511675497947136
225511717159968768
225511695798382592
225511650629918720
225511704954540032
225511678345875456
225511687967612928
225511645445758976
225511713699667968
225511653322665984
225511642941759488
225511684490534912
225511660784324608
225511720670601216
225511642241306624
225511650139181056
225511707798282240
225511699355152384
225511657378553856
225511681177030656
225511710738493440
225511721056477184
225511693319544832
225511663942639616
225511671362363392
225511655868604416
225511715901677568
225511690245124096
225511655541444608
225511668610899968
225511677414748160
225511652949368832
225511719399731200
225511700324036608
225511658682986496
225511709861875712
225511696586907649
225511680216535040
225511703763365888
225511683236438016
225511661988089856
225511706917482496
225511680354955264
225511658167078912
225511687174889472
225511699799740416
225511660813692928
225511697056669696
225511702538629120
225511664999600129
225511675057541120
225511670812909568
225511647492583424
225511653096173568
225511692828815360
225511667193225216
225511643893870592
225511689011990528
225511678979215360
225511687288139776
225511646532087808
225511714567884800
225511654035689472
225511669693034496
225511676336803840
225511714295259136
225511643520569344
225511717889777664
225511695106314240
225511651464589312
225511705634021376
225511681990729728
225511711451525120
225511720100179968
225511685128073216
225511659937075200
225511711195672576
225511649136750592
225511708662312960
225511698558234624
225511656690688000
225511711015309312
225511721589149696
225511702471520256
225511698428203008
225511663774867456
225511681546133504
225511672717119488
225511707630510080
225511657147871232
225511673178497024
225511701280329728
225511684125626368
225511649556180992
225511643675762688
225511714148454400
225511653607870464
225511692178694144
225511678610124800
225511694934347776
225511666945761280
225511688449953792
225511645852610560
225511716816031744
225511650445373440
225511675275653120
225511690807156736
225511661728043008
225511695924211712
225511703486541824
225511681130901504
225511658884313088
225511686285692928
225511700500193280
225511668103393280
225511689775357952
225511664122998784
225511674415812608
225511671731466240
225511652454440960
225511693646700544
225511689288814592
225511656174788608
225511674281594880
225511667465859072
225511678140354560
225511713229905920
225511692581343232
225511676970147840
225511664617926656
225511670624165888
225511697346076672
225511686147280896
225511703058718720
225511684029157376
225511661241511936
225511682926055424
225511699447422976
225511657835732993
225511692061249536
225511714253316096
225511717935919104
225511646062325760
225511666840907776
225511651514916864
225511695404118016
225511687359438848
225511704384122880
225511714622414848
225511670024384512
225511654107000832
225511702328905728
225511711132758016
225511721752735744
225511708708450304
225511663661625344
225511672587096064
225511698864414720
225511711493459968
225511642438438912
225511660243267584
225511662625632256
225511673094606848
225511701213229056
225511649254191104
225511659765108736
225511702500880384
225511698365296640
225511672788430848
225511708846862336
225511665603579905
225511690777792512
225511643625435136
225511669504282624
225511692375830528
225511694892404736
225511705445277696
225511645919715328
225511718074322944
225511658947223552
225511710067400704
225511683928502272
225511661786767360
225511706632261632
225511679969071104
225511696008093696
225511686625435648
225511656048955392
225511671760822272
225511716233023488
225511648281112576
225511678043889664
225511652731260928
225511668170493952
225511712164556800
225511718988689408
225511644464287744
225511674709417984
225511647224143872
225511676919820288
225511654996193280
225511715138318336
225511644090994688
225511674231267328
225511678186491904
225511652311834624
225511713179578368
225511718485364736
225511682892500992
225511708872019968
225511680954736640
225511686096949248
225511684092071936
225511706158309376
225511650269208576
225511642757214208
225511660603973632
225511699187372032
225511663040868352
225511707978637312
225511663279935488
225511672301891584
225511701875920896
225511648952193024
225511670234095616
225511695605440512
225511666224340992
225511704774193152
225511717373874176
225511666576658432
225511691692150784
225511694489759744
225511678404599808
225511705248141312
225511669177135104
225511691184640000
225511675556663296
225511714928599040
225511646980874240
225511666052370432
225511681227362304
225511698163961856
225511721119387648
225511659593142272
225511684524093440
225511701452296192
225511711967424512
225511720666402818
225511642270666752
225511662885675008
225511673530818560
225511657412112384
225511644887912448
225511655570812928
225511674881388544
225511652920004608
225511712332324864
225511719366172672
225511647974928384
225511677712539648
225511655809888256
225511715834568704
225511680187179008
225511686977757184
225511706883919872
225511683513262080
225511709832519680
225511705785016320
225511680644354048
225511702584762368
225511685887242240
225511709312425984
225511699858464768
225511683123191808
225511651997257728
225511712827248640
225511718300819456
225511643835146240
225511673887338496
225511689070718976
225511665054134272
225511655428206592
225511715423522816
225511647446437888
225511677288914944
225511692874948608
225511691608272896
225511651225509888
225511666509553664
225511717625540608
225511717260636160
225511704686104576
225511687640457216
225511695722885120
225511654417379328
225511670317981696
225511714907623424
225511701997555712
225511672276725760
225511663355432960
225511708398071808
225511708020576256
225511699162210304
225511660549451776
225511642841092096
225511650197905408
225511711812227072
225511673417576448
225511662915031040
225511699334172672
225511720750292992
225511711917088768
225511701515218944
225511659492478976
225511698063298560
225511665922351104
225511695920009216
225511647056367616
225511715033452544
225511691079782400
225511669189709824
225511645554814976
225511705122320384
225511694582034432
225511709761220608
225511658636845056
225511683634900992
225511706980388864
225511662101344256
225511686956781568
225511696557543424
225511680266870784
225511715918450688
225511671479808000
225511655755358208
225511677691568128
225511647995899904
225511719269707776
225511712453963776
225511668573147136
225511652987121664
225511674990432256
225511644736921600
225511677209227264
225511647530332160
225511715448692736
225511675170791424
225511655306567680
225511673933467648
225511643780624384
225511718187577344
225511712877588480
225511652043399168
225511683165130752
225511709182398464
225511687107776512
225511685794959360
225511680669519872
225511705814380544
225511660301983744
225511642346164224
225511698910556160
225511672608067584
225511663581933568
225511721723371520
225511649254182912
225511711225024512
225511702182105088
225511660050329600
225511669932101632
225511704438644736
225511695265705984
225511705734680576
225511666895425536
225511645923913728
225511714198786048
225511692078026752
225511669638500352
225511718103687168
225511705558519808
225511678702399488
225511694829490176
225511669474926592
225511643721900032
225511675229515776
225511690874261504
225511665741996032
225511708733616128
225511698478542848
225511681508388864
225511659890941952
225511649375821824
225511721555603456
225511701154504704
225511684243066880
225511657122697216
225511673212047360
225511662592069632
225511674596171776
225511644573343744
225511719043211264
225511712063889408
225511652647383040
225511652429275136
225511678064861184
225511648272723968
225511716136554496
225511656120266752
225511686633820160
225511679889383424
225511706548383744
225511683815247872
225511710138703872
225511681088954368
225511706107973632
225511686210195456
225511702995800064
225511680929570816
225511709002047488
225511682833784832
225511699535507456
225511718607003648
225511713116659712
225511652286672896
225511689439813632
225511674206101505
225511644128743424
225511715108954112
225511655122014208
225511664747950080
225511692531015680
225511676999512064
225511647144456192
225511688210882560
225511678442352640
225511645319933952
225511713628360704
225511653419130880
225511675745406976
225511716925087744
225511679667081216
225511650873192448
225511681399328768
225511720968400896
225511710495215616
225511684549255168
225511649803644928
225511707722788864
225511657584078848
225511682628263936
225511720360222720
225511711619297280
225511660423614464
225511642694299648
225511682477268992
225511708205129728
225511656598409216
225511663238000640
225511685035798528
225511648671174656
225511714735665152
225511654539005952
225511670204731392
225511704577052672
225511687762087936
225511679469948928
225511646708248576
225511717436796928
225511651326177280
225511666325004288
225511676223557632
225511643055009792
225511661044371456
225511702903525376
225511697148940288
225511658292908032
225511704166014976
225511707320135680
225511699871051776
225511667247747072
225511643956785152
225511689095880704
225511671144255488
225511690492588032
225511665070903296
225511645038907392
225511647752622080
225511719655575552
225511712760147968
225511693055299584
225511715771650048
225511690324807680
225511668694790144
225511652882259968
225511719500394496
225511647891034112
225511693541842944
225511671588859904
225511655654690816
225511664022327296
225511716103008256
225511709543112704
225511703998238720
225511696683380736
225511680166211584
225511662201999360
225511707173326848
225511700382756864
225511658754289664
225511709949964288
225511707399823360
225511657248534528
225511673048469504
225511701032865792
225511684360511488
225511649476481024
225511721278779392
225511710935617536
225511698344321024
225511681642598400
225511716736344064
225511650529259520
225511675363729408
225511690727464960
225511713896796160
225511653830176768
225511688512872448
225511678803062784
225511694691078144
225511645605142528
225511654031503360
225511676395528192
225511643436683264
225511717822664704
225511688806469632
225511651540082688
225511687380414464
225511679184744448
225511646167183360
225511714337202176
225511654283157504
225511685367144448
225511649078030336
225511708414844928
225511656766181376
225511682057834496
225511719785598976
225511711371833344
225511692656840704
225511676898848768
225511670703861760
225511664865382400
225511716425965568
225511689569841152
225511674063495168
225511667780423680
225511648528568320
225511713297010688
225511682728923136
225511699669716992
225511658053836800
225511710428106752
225511686075981824
225511703130021888
225511697669033984
225511661308620800
225511659119185920
225511697874563072
225511706401579008
225511700747661312
225511661505744896
225511661824512000
225511703578808320
225511696289112064
225511671798571008
225511664336904192
225511644405571584
225511718908993536
225511713456402432
225511693705416704
225511668078219264
225511668426350592
225511690035408896
225511645726781440
225511678723371008
225511688579985408
225511676705910784
225511653712732160
225511713930354688
225511675418251264
225511650558611456
225511716560179200
225511681709711360
225511657051402240
225511685551697920
225511710818177024
225511721354272768
225511649455509504
225511684272435200
225511657311444992
225511707433381888
225511642312617984
225511660117438464
225511711308910592
225511719965962240
225511682179477504
225511663556763648
225511656866844672
225511708511313920
225511648985755648
225511685329391616
225511669898551296
225511654220238848
225511714416898048
225511646364307456
225511679172161536
225511687468494848
225511704241516544
225511666689912832
225511651623964672
225511717768142848
225511643327635456
225511676517167104
225511661325389824
225511700881874944
225511697484488704
225511703188738048
225511710402940928
225511657940590592
225511699564859392
225511648591491072
225511667621048320
225511694246486016
225511664471126016
225511689464983552
225511716539215872
225511644246192128
225511664764727296
225511670724825088
225511692740726784
225511647429660672
225511689985077248
225511719173238784
225511652622217216
225511668355051520
225511693864808448
225511713468981248
225511718816714752
225511644376215552
225511716409184256
225511664299151360
225511655948292096
225511671882461184
225511679868407808
225511696201035776
225511703675285504
225511706825203712
225511661912600576
225511700718297088
225511706464497664
225511710260342784
225511659077251072
225511673400795136
225511657537937408
225511707680841728
225511649828810752
225511684633141248
225511701339058176
225511710625239040
225511720817397760
225511681332224000
225511698025553920
225511650843832320
225511717059309568
225511691050430464
225511675682496512
225511653540769792
225511713599000576
225511645198299136
225511694326177792
225511678526238720
225511688177332224
225511643159867392
225511676110315520
225511651233898496
225511717503901696
225511646624354304
225511650999017472
225511679507705856
225511687674015744
225511654614511616
225511714630799360
225511648759259136
225511685077741568
225511656480976896
225511708100272128
225511682355630080
225511711682207744
225511720205029376
225511677175664640
225511692996583424
225511712659484672
225511719701716992
225511645118599168
225511665184153600
225511670976483328
225511673757306880
225511689192349696
225511712999223296
225511667381964800
225511699954933760
225511682997362688
225511707190108160
225511658414546944
225511697253797888
225511702840619008
225511685765603328
225511661015019520
225511658821394432
225511700420497408
225511662118113280
225511696716931072
225511703876612096
225511658569732096
225511709656358912
225511664051691520
225511671492386816
225511693432791040
225511647769399296
225511668778676225
225511690345787392
225511671261700096
225511715708739584
225511689825689600
225511719009652736
225511668124356608
225511652739649536
225511693676064768
225511652450246656
225511716258189312
225511664169132032
225511671731458048
225511674378067968
225511656103485440
225511695949369344
225511680011018240
225511703528476672
225511706678398976
225511661769990144
225511700563103744
225511710084173824
225511681114124288
225511686222778368
225511658917867520
225511661191180288
225511684075294720
225511697304137728
225511703041941504
225511657785401344
225511699422257152
225511678157139968
225511667419713536
225511656225124352
225511689288818688
225511644103585792
225511664588562432
225511670582222848
225511692568764416
225511647266086912
225511642467803136
225511660272619520
225511711451521024
225511720163094528
225511682024280064
225511663690977280
225511698516283392
225511656732631040
225511708662304768
225511649124163584
225511659924496384
225511685170008064
225511654060855296
225511670045356032
225511714567892992
225511646464974848
225511679029555200
225511704396701696
225511687317491712
225511651502338048
225511666857684992
225511695014039552
225511705608855552
225511717919137792
225511643449266176
225511676366168064
225511669667868672
225511645881962496
225511667000283136
225511678580764672
225511688349290496
225511692224827392
225511653561737216
225511714089738240
225511675271450624
225511650403426304
225511716778291200
225511681546129408
225511663821000704
225511672717123584
225511702471512064
225511710956597248
225511721589153792
225511649602314240
225511684113051648
225511657139478528
225511707571789824
225511658670403584
225511700256923648
225511661962928128
225511683269996544
225511696586911744
225511703708839936
225511663921672192
225511671358164992
225511693277605888
225511677490245632
225511668610904064
225511655549837312
225511690203172864
225511692828811264
225511653041639424
225511677314080768
225511665003798528
225511670842273792
225511675061739520
225511689016188928
225511673904115712
225511712844029952
225511667230969856
225511683144159232
225511699812331520
225511680300425216
225511687137140736
225511658242580480
225511697090224128
225511685912408064
225511702559592448
225511660859830272
225511643306659840
225511675950936064
225511651124842496
225511717654892544
225511717394853888
225511646855049216
225511666199175168
225511679348314112
225511687523016704
225511691373391872
225511654450925568
225511714777608192
225511648914452480
225511684926746624
225511656334168064
225511708263845888
225511707991216128
225511682213023744
225511663019888640
225511673665040384
225511701607485440
225511711820623872
225511720393781248
225511699346755584
225511657386946560
225511673535016960
225511707840225280
225511650097246208
225511642237116416
225511642883039232
225511701490049024
225511660742389760
225511684503121920
225511710759456768
225511721077452800
225511698176552960
225511681198010368
225511650684440576
225511695773212672
225511704879050752
225511647027007488
225511717218689024
225511675523117056
225511691218194432
225511670364114944
225511653389766656
225511713745801216
225511645416398848
225511678371049472
225511694510723072
225511688030523392
225511655474343936
225511690165424128
225511677326659584
225511653012279296
225511668527017984
225511719294873600
225511693399236608
225511655793111040
225511671446249472
225511663896506368
225511715968782336
225511703847243776
225511680287838208
225511696498823168
225511662046810112
225511683303546880
225511707013951488
225511700244336640
225511658599092224
225511709786378240
225511660889186304
225511702626709504
225511696968585216
225511687086813184
225511658087387136
225511680417869824
225511699732631552
225511667113533440
225511643809976320
225511688923914240
225511670871629824
225511675145625600
225511664924106752
225511647572275200
225511692895920128
225511653201031168
225511720544776192
225511650218872832
225511711770288128
225511660570415104
225511701641043968
225511642874646528
225511673547599872
225511682330472448
225511663053443072
225511708368703488
225511656451612672
225511663393185792
225511684901580800
225511648830566400
225511714878271488
225511670355734528
225511691234975744
225511654367039488
225511687606898688
225511704740638720
225511666102706176
225511679314759680
225511646888603648
225511717591982080
225511666526334976
225511651187757056
225511676059983872
225511643193417728
225511688047300608
225511678287155200
225511645538033665
225511713787752449
225511653242974208
225511675602808832
225511670477365248
225511717097050112
225511704870658048
225511650717995008
225511695878070272
225511681256726528
225511721182306304
225511710654603264
225511660721414144
225511684406652928
225511643021455360
225511650076266496
225511720775454720
225511707861196800
225511657445662720
225511699304812544
225511686377967616
225511658976587776
225511681051205632
225511700588269568
225511661639966720
225511703406845952
225511696054235136
225511671643377664
225511674344517632
225511664202682368
225511693567012864
225511652408307712
225511668225028096
225511689855049728
225511677033062400
225511692489076736
225511670552866816
225511664697614336
225511656246091776
225511674206097408
225511689397870592
225511678215860224
225511667600076800
225511713137631232
225511699497754624
225511682858954752
225511657907040256
225511702970638336
225511686222782464
225511697471909888
225511661145034752
225511683974631424
225511676248723456
225511669613334528
225511643587682304
225511714232340480
225511717965279232
225511705701130240
225511651389087744
225511694993072128
225511687229411328
225511679079878656
225511646439809024
225511714488201216
225511654127964160
225511660016771072
225511685203562496
225511649212243968
225511711245996032
225511708591001600
225511656619380736
225511698646306816
225511681919426560
225511719995314176
225511711522824192
225511707546619904
225511673233022976
225511657093337088
225511684201132032
225511701192249344
225511649627480064
225511721513656320
225511711090806784
225511702362468352
225511672801005569
225511681487413248
225511698486923264
225511663690981376
225511716895727616
225511650382454784
225511690907824128
225511675195961344
225511714068770816
225511643747061760
225511692405190656
225511653700149248
225511688324132864
225511694863044608
225511667046424576
225511678652067840
225511645810663424
225511668883529728
225511677058232320
225511647693905920
225511712776921088
225511715616460800
225511690454831104
225511655163961344
225511673790869504
225511643914833920
225511718325985280
225511713036967936
225511651879821312
225511683030917120
225511662378164224
225511709350170624
225511704145039360
225511696855339008
225511685639770112
225511680518533120
225511705965371392
225511709924794368
225511658787835904
225511683488100352
225511707160752128
225511662243946496
225511699996876800
225511658448105472
225511686772236288
225511680124260352
225511696691761152
225511716082028544
225511655612751872
225511671626600448
225511677548965888
225511648138498048
225511719441670144
225511712604954624
225511652861288448
225511668732538880
225511693202100224
225511674843631616
225511671282675712
225511665268039680
225511644917280768
225511673274961920
225511662772424704
225511682598899712
225511701364215808
225511659333099520
225511697895526400
225511687950835712
225511679629340672
225511665746186240
225511654740340736
225511690924597248
225511669059686400
225511645366063104
225511704971321344
225511694368120832
225511691436298240
225511666295644160
225511651351334912
225511717482926080
225511687795642368
225511704539312128
225511695571890176
225511651028381696
225511670179573760
225511675888021504
225511654580953088
225511714748243969
225511701838172160
225511672117334016
225511663225413632
225511708230299648
225511657743462400
225511699011215360
225511684712833024
225511660385869824
225511642669133824
225511711640260608
225511706271555584
225511700898652160
225511703150997504
225511659253403648
225511686046625792
225511680803737600
225511709157232640
225511699686502400
225511682682785793
225511648570519552
225511718774775808
225511713259266048
225511652181815296
225511693944492032
225511674025750528
225511689611780096
225511671941173248
225511664534036480
225511644267163648
225511715255750656
225511654971027456
225511664882163712
225511676856901632
225511692715569152
225511647291252736
225511674457763840
225511644711759872
225511719190007808
225511712185524224
225511652517351424
225511667998535680
225511677863534592
225511718934163456
225511648398544896
225511716279169025
225511689741807616
225511655960883200
225511686478630912
225511679746777088
225511706703572992
225511683655872512
225511661455413248
225511706435129344
225511710277111808
225511703314571264
225511697836810240
225511705407524864
225511694678503424
225511651657519104
225511678828220416
225511669328130048
225511676546523136
225511690698104832
225511675376308224
225511665570029568
225511656921370624
225511681676156928
225511698314956800
225511685581049856
225511659739951104
225511721329106944
225511684385677312
225511701003513856
225511673040084992
225511657261117440
225511662445273088
225511660155187200
225511698734391296
225511672440299520
225511663426740224
225511681810370560
225511649094799360
225511702026924032
225511669747552256
225511704291844096
225511695110512640
225511688743563264
225511678958252032
225511666710876160
225511653989552128
225511691901870080
225511647379337216
225511676752039936
225511654849384448
225511715293503488
225511644216823808
225511664454340608
225511674080268288
225511672058617856
225511652181811200
225511694233899008
225511713326374912
225511718636367872
225511682745704448
225511709043986432
225511680828903424
225511659215659008
225511685950156800
225511700844130304
225511706284134400
225511697731956736
225511659089833984
225511703339737088
225511710226780160
225511683769110528
225511661547696128
225511661937766400
225511706808430592
225511696234582016
225511679847444480
225511686428303360
225511671911813120
225511689603387392
225511655910547456
225511716379832320
225511648427905024
225511667902062592
225511677834174464
225511668376023040
225511652580274176
225511712298770432
225511719122903040
225511644602707969
225511674571005952
225511662470443008
225511672964591616
225511701058035712
225511685522329600
225511659626700800
225511698214293504
225511657026232320
225511665435815936
225511690601635840
225511669361676288
225511676659765248
225511694737219584
225511651774967808
225511705277505536
225511645743554560
225511653880500224
225511691801210880
225511717784924160
225511678840803328
225511651644944384
225511666643775488
225511688831639552
225511695244734464
225511704220536832
225511687497846784
225511714454642688
225511654262185984
225511669856608256
225511702161141760
225511708549066752
225511663510622208
225511681839734784
225511672427712512
225511698721812480
225511711334080512
225511642283253760
225511660096458752
225511705931812864
225511680476581888
225511685732048896
225511702874173440
225511696888893440
225511704048574464
225511709492781056
225511682955423744
225511699996872704
225511662260719616
225511651858853888
225511712965668864
225511718460207104
225511643969363968
225511689217515520
225511673727946752
225511665238679552
225511690513555456
225511655277203456
225511715574525952
225511645164740608
225511647597441024
225511693025947648
225511668900302848
225511677146312704
225511645030518784
225511715733909504
225511665419038720
225511674734587904
225511671232335872
225511652756426752
225511693168545792
225511712483315712
225511719521366016
225511648104947712
225511677569937408
225511655667277824
225511715993948160
225511709702500352
225511680036179968
225511658536185856
225511686805790720
225511700118515712
225511707043307520
225511683379048448
225511709975121920
225511678551404544
225511694313598976
225511705097150464
225511669017743360
225511654790668288
225511675724443648
225511691008479232
225511679692251136
225511665905573888
225511687816617984
225511697983606784
225511681369972736
225511720901287936
225511659458932736
225511701301301248
225511684658307072
225511662755651584
225511682519212032
225511657563107328
225511673358848000
225511642501353472
225511684830273536
225511660461371392
225511699053158400
225511657697316864
225511663133138944
225511672150896640
225511701716545536
225511648801202176
225511670095679488
225511675858657280
225511695446061056
225511650969653248
225511704610611200
225511666400505856
225511691461464064
225511694309400576
225511678551396352
225511705101348864
225511669017751552
225511691012681728
225511654769700864
225511675716050944
225511665905577984
225511679688052736
225511687816613888
225511681386754048
225511697979412480
225511659442151424
225511720939040768
225511684675080192
225511701301305344
225511682515013632
225511662734684160
225511673354661888
225511657571487744
225511642501361664
225511660473946112
225511684817694720
225511699053154304
225511657680547840
225511663145725952
225511672167665664
225511648817983488
225511701729120256
225511675862855680
225511670083100672
225511650978045952
225511695446056960
225511704598024192
225511666375331840
225511691465662464
225511705948598272
225511680489168896
225511702874169344
225511685727850496
225511709492776960
225511696884703232
225511704040189952
225511699992686592
225511662260727808
225511682972192768
225511712953081856
225511718460198912
225511651837882368
225511673719558144
225511689217519616
225511643986141184
225511645177319424
225511715557744640
225511665238675456
225511655273013248
225511690530328576
225511677146308608
225511693034328064
225511668900311040
225511647597436928
225511665419034624
225511671232344064
225511674755555328
225511715742289920
225511645009547264
225511712491708416
225511719521357824
225511693160161280
225511652756430848
225511677578321920
225511648092364800
225511715993952256
225511655684050944
225511680031993856
225511686805794816
225511658540371968
225511709685719040
225511707047505920
225511700139479040
225511683379044352
225511709966741504
225511662470434816
225511672964587520
225511701079011328
225511659635085312
225511685522333696
225511698239463424
225511657005256704
225511665435807744
225511690597437440
225511676668162048
225511669353295872
225511645743558656
225511651774963712
225511694733021184
225511705277509632
225511691813789696
225511653872119808
225511666643771392
225511678836617216
225511651644940288
225511688823246848
225511717780725760
225511695244726272
225511687476883456
225511704224735232
225511669869191168
225511654249607168
225511714450444288
225511702152749056
225511681852321792
225511663510630400
225511672419332096
225511708565839872
225511698713415680
225511642291646464
225511660088078336
225511711346667520
225511676752048128
225511647379329024
225511715306082304
225511654853582848
225511664433369088
225511672050225152
225511674088665088
225511644208443392
225511713322184705
225511718644748288
225511694154215424
225511652190199808
225511682728923137
225511709035601920
225511680820523008
225511685933375488
225511659232440320
225511706279940096
225511700860907520
225511710235176960
225511697727758336
225511659085631488
225511703322955776
225511661543497728
225511683794280448
225511706808426496
225511661941952512
225511679847436288
225511696217812992
225511686449270784
225511716371439616
225511655897968640
225511671920205824
225511689615978496
225511677817401344
225511667914641408
225511648444690432
225511712290385920
225511719114518528
225511652580265984
225511668401184768
225511674558427136
225511644602703872
225511705399144448
225511651665911808
225511678832418816
225511694661722112
225511676550721536
225511669315543040
225511675409866752
225511690698100736
225511665544859648
225511656921374720
225511698314960896
225511681659375616
225511721312333824
225511659739942912
225511685572669440
225511701024481280
225511684389875712
225511657261113344
225511673048477696
225511662449471488
225511660155183104
225511698738581504
225511672436101120
225511681827155968
225511663414161408
225511702018527232
225511649090613248
225511669768527872
225511704296042496
225511695106314241
225511688722583552
225511666723467264
225511678958243840
225511691910262784
225511653956005888
225511700915425280
225511706271559680
225511686042427392
225511703155183616
225511659253411840
225511680778575872
225511709144657920
225511682682785792
225511699699085312
225511693927723008
225511652169224192
225511718774771712
225511648549543936
225511713284431872
225511644262965248
225511689603395584
225511671924404224
225511674025742336
225511664513064960
225511654971023360
225511664882167808
225511715268337664
225511647266091008
225511692702982144
225511676856897536
225511644720144384
225511674449371136
225511652500582400
225511719185821696
225511712177139712
225511648411136000
225511718921576448
225511677867732992
225511668006916096
225511655960875008
225511689741799424
225511716279160832
225511686507995136
225511679776141312
225511706707763200
225511721840807936
225511706435137536
225511661438644224
225511683655864320
225511703297798144
225511697820028928
225511710285504512
225511673262383104
225511682607292416
225511662780817408
225511701360029696
225511659328901120
225511697887137792
225511687938248704
225511665750384640
225511679625142272
225511690924593152
225511654731948032
225511669068083200
225511704971317248
225511694397480960
225511645387038720
225511691423723520
225511717487124480
225511651368116224
225511666304036864
225511704539308032
225511687816622080
225511651032567808
225511695571886080
225511714756636672
225511675883819008
225511654589345792
225511670162796544
225511701850759168
225511708221906944
225511672129925120
225511663225417728
225511657718288384
225511699015405568
225511711636074496
225511660385865728
225511684683472896
225511642669125632
225511647706492928
225511712755945472
225511677054033920
225511668887728128
225511655163965440
225511690454839296
225511715608080384
225511643919036416
225511673782480896
225511651867234304
225511718330183680
225511713024380928
225511662369771520
225511683030921216
225511704136658944
225511696859537408
225511709350174720
225511685648162816
225511680518529024
225511705969569792
225511658804621312
225511709916401664
225511683488092160
225511662243942400
225511700005269504
225511707143970816
225511686768037888
225511658452291584
225511696700153856
225511680120074240
225511671622414336
225511655633719296
225511716090421248
225511648142696448
225511677548961792
225511668707368960
225511693202104320
225511652857098240
225511719475228672
225511712609153024
225511644904693760
225511671265894400
225511674852024320
225511665238683648
225511714232344576
225511643591872512
225511669625921536
225511676231946240
225511705701134336
225511695001464832
225511651389091840
225511717961080832
225511646439804928
225511687225221120
225511679058915328
225511654119579648
225511714484002816
225511649199656960
225511711254388736
225511685211951104
225511660020969472
225511656623579136
225511698646310912
225511708599398400
225511681932005376
225511720012095488
225511711531216896
225511657072369664
225511673245609984
225511707538239488
225511649640058880
225511701192257536
225511684201127936
225511702370852864
225511721509457920
225511711082426368
225511672805203968
225511698499510272
225511663711956992
225511681474834432
225511650382450688
225511716891529216
225511675195957248
225511690899435520
225511653695950848
225511692388409344
225511643742875648
225511714068762624
225511645806473216
225511688332513280
225511678664646656
225511694854660096
225511667038031872
225511658972385280
225511686377975808
225511681047007232
225511700575694848
225511661635776512
225511703411044352
225511696033259520
225511674348703744
225511671655964672
225511664211075072
225511652387336192
225511693579587584
225511668237602816
225511689880219648
225511692484874240
225511677033058304
225511670552858624
225511664680833024
225511689393672192
225511656258678784
225511674214486016
225511713146023936
225511667566514176
225511678215856128
225511682850562048
225511699514535936
225511657919614976
225511686222786560
225511702991613952
225511697455128576
225511683970445312
225511661153427456
225511660578807808
225511701645242368
225511642866262016
225511650223071232
225511720544768000
225511711761895424
225511673547595776
225511663066030080
225511682326274048
225511656443219968
225511663397384192
225511708339351552
225511648851529728
225511684901576704
225511654388019200
225511670355730432
225511691222388736
225511714882457600
225511646863437824
225511704732246016
225511687606902784
225511679314767872
225511666102710272
225511651208732672
225511666513743872
225511717591986176
225511643189227520
225511676068376576
225511645538029568
225511688047304704
225511678287163392
225511653217804288
225511713787744256
225511670477369344
225511675602800640
225511704874856448
225511695882268672
225511650701225984
225511717084467200
225511681265119232
225511721186504704
225511710654599168
225511720788041728
225511650059497472
225511684410839040
225511660713021440
225511643021447168
225511657449861120
225511699292233728
225511707869589504
225511690157039616
225511655474335744
225511719307452416
225511668527013888
225511677335052288
225511653024866304
225511693395046400
225511715968790528
225511671433670656
225511655797297152
225511663892303872
225511703855640576
225511696498827264
225511680287846400
225511706997170176
225511683295162368
225511662071984128
225511700248539136
225511709777997824
225511658620067840
225511660876607488
225511702605729792
225511696968593408
225511658087395328
225511687099387904
225511680430448640
225511699732639744
225511667113537536
225511688936493056
225511643818369024
225511675124658176
225511670884208640
225511664936693760
225511653192634368
225511692921081856
225511647580659712
225511675963514880
225511643306663936
225511717663285248
225511651129040896
225511679348318208
225511666199171072
225511687523012608
225511646813102080
225511717399040000
225511714798571520
225511654459318272
225511691352416256
225511684914159616
225511648922832896
225511708263854080
225511656317394944
225511663024091136
225511682217222144
225511673669226496
225511708007997440
225511711820615680
225511720385388544
225511701611683840
225511707844415488
225511699346759680
225511673535008768
225511657391132672
225511642899812352
225511684498919424
225511701477462016
225511660742385664
225511642245505024
225511650097238017
225511710776242176
225511721102610432
225511681206390784
225511698176548864
225511717218693120
225511647027015680
225511695789993984
225511650680250368
225511704895819776
225511691222396928
225511670368317440
225511675523112960
225511713733218304
225511653389774848
225511694519115776
225511678371041280
225511688026333184
225511645437374464
225511658678784000
225511700273704960
225511683269988352
225511661962924032
225511696586903552
225511703729807360
225511663909085184
225511671345590272
225511693260824576
225511668602507264
225511677469270016
225511690203181056
225511655554035712
225511653037453312
225511677314084864
225511692845584384
225511665016385536
225511675049160704
225511670846464000
225511673899913216
225511689024581632
225511667230978048
225511712844025856
225511699812323328
225511683144167424
225511680300429312
225511658229993472
225511687145533440
225511697081831424
225511702551207936
225511685912403968
225511660859822080
225511711472488448
225511720163090432
225511642476195840
225511660260044800
225511682041061376
225511708683280384
225511663670013952
225511698507902976
225511656732635136
225511685174206464
225511659924500480
225511649115770880
225511714572087296
225511670045351936
225511654060859392
225511679021162496
225511687296528384
225511704409284608
225511646469173248
225511717906558976
225511666857676800
225511695026622464
225511651472973824
225511705625636864
225511669688836096
225511676366163968
225511643461853184
225511678580760576
225511666991902720
225511688366067712
225511645877776384
225511714089734144
225511653570121728
225511692212252672
225511675267264512
225511716790865920
225511650411819008
225511663821008896
225511681533554688
225511672717127680
225511710952398848
225511721559797760
225511702484099072
225511684113043456
225511649606512640
225511707571785728
225511657135280128
225511689825685504
225511652735463424
225511668141137920
225511719001268224
225511652454445056
225511693692837888
225511664181719040
225511674369675264
225511656082518016
225511671744045056
225511716258193408
225511680015216640
225511695945183232
225511703528484864
225511661744828416
225511706678407168
225511700558913536
225511681118310400
225511658913669120
225511686247948288
225511710092566528
225511684054331392
225511661186981888
225511697304129536
225511703050334208
225511657793794048
225511699430641664
225511667419721728
225511678165528576
225511644099387392
225511689288822784
225511656225120256
225511664567586816
225511670565441536
225511647253508096
225511692535214080
225511712651091968
225511719676555264
225511693000781824
225511677171478528
225511665200926720
225511671081340928
225511645131186176
225511689192345600
225511673744732160
225511667402944512
225511712999215104
225511707198500864
225511682997358592
225511699946549248
225511658397773824
225511697245417472
225511685765607424
225511702802862080
225511661002432512
225511658829778944
225511700424699904
225511662113923072
225511709639585792
225511696746295296
225511703876608000
225511658582319104
225511664043298816
225511671492390912
225511693420204032
225511668778668032
225511647752626176
225511715721326592
225511690341588992
225511671249121280
225511707693428736
225511657537941504
225511673379819520
225511701330665472
225511684645728256
225511649828806656
225511710621052928
225511720834179072
225511698025549824
225511681340616704
225511717059301376
225511650818658304
225511675678298112
225511691063009280
225511713590620160
225511653523988480
225511678513651712
225511694338756608
225511688164749312
225511645202485248
225511676097736704
225511643151474688
225511717503897600
225511651242283008
225511650999021568
225511679528673280
225511687674007552
225511646620168192
225511714639192064
225511654614503424
225511685060964352
225511648776036352
225511708083499008
225511656472584192
225511682351443968
225511711669620736
225511720188260352
225511661329588224
225511700890267648
225511710381977600
225511697505456128
225511703201329152
225511657940586496
225511699581640704
225511667600072704
225511694158401536
225511648591486976
225511644237803520
225511716543401984
225511664471121920
225511689464979456
225511664764723200
225511670716444672
225511647408693248
225511692728152064
225511690006044672
225511668355043328
225511652609626112
225511719164846080
225511713473179648
225511718816718848
225511693877383168
225511664307544064
225511671903428608
225511655939907584
225511716400803840
225511644380405760
225511696188448768
225511679868416000
225511703675281408
225511661904203776
225511706829402112
225511706464493568
225511700718292992
225511659047882752
225511710260334592
225511678731751424
225511688592560128
225511645722578944
225511713930358784
225511676705902592
225511653729513472
225511675435036672
225511716572766208
225511650567004160
225511681709715456
225511657034620928
225511710813990912
225511721354268672
225511685555888128
225511684255649792
225511649455517696
225511707429183488
225511657307254784
225511711308914688
225511719965954048
225511642312609792
225511660117434368
225511682187857920
225511708515512320
225511663527407616
225511656879431680
225511685350371328
225511648981557248
225511714421084160
225511654195073024
225511669927907328
225511679172153344
225511704241512448
225511687451713536
225511646330761216
225511717768138752
225511651623968768
225511666694098944
225511676517158912
225511643327639552
225511676898844672
225511692661039104
225511670678687744
225511664852803584
225511674059296768
225511689553055744
225511716425969664
225511648528572416
225511713309597696
225511667780431872
225511699669725184
225511682712154112
225511658062229504
225511703138414592
225511686055014400
225511697690013696
225511710428110848
225511661317001216
225511659110805504
225511697866170368
225511700747657216
225511661505748992
225511706414166016
225511661811933184
225511703562031104
225511696276525056
225511644405571585
225511671802761216
225511664336908288
225511693722202112
225511668078223360
225511718896406528
225511713427034112
225511668426354688
225511690035404800
225511673065254912
225511657244332032
225511707391430656
225511649476485120
225511684347924480
225511701045456896
225511721278775296
225511710923042816
225511681625829376
225511698348519424
225511650529251328
225511716740534272
225511690727469056
225511675363729409
225511653846945792
225511713900994560
225511645579980800
225511688512876544
225511694691086336
225511678811443200
225511643436687360
225511654031499264
225511676391329792
225511688789700608
225511651531689984
225511717801693184
225511646158786560
225511687367823360
225511679184740352
225511654283161600
225511714324623360
225511649073831936
225511685383925760
225511656766189568
225511708431618048
225511682066231296
225511719806578688
225511711380213760
225511661040185344
225511702886756352
225511697136361472
225511658271940608
225511704149233664
225511699862654976
225511707332710400
225511667264528384
225511689095876608
225511643973554176
225511645047300096
225511671148453888
225511690492583936
225511665087688704
225511693067886592
225511719651389440
225511647752630272
225511712743366656
225511690324811776
225511715775848448
225511647878459392
225511719500386304
225511652899041280
225511668694786048
225511693546033152
225511716103004160
225511655663087616
225511671576272896
225511664018141184
225511703998246912
225511680141041664
225511696683372544
225511709530533888
225511707164942336
225511662202003456
225511700403720192
225511709949956096
225511658754281472
225511645340897280
225511688210886656
225511678438154240
225511653414932480
225511713628364800
225511675741220864
225511679650308096
225511650868994048
225511716925091840
225511681399332864
225511720985178112
225511710511992832
225511649791053824
225511684561833984
225511657588269056
225511682628259840
225511707726974976
225511660423622656
225511642702684160
225511720339247104
225511711615098880
225511682477264896
225511656594223104
225511663246381056
225511708192542720
225511648683761664
225511685035790336
225511670196350976
225511654559981568
225511714748248064
225511646666297344
225511687757901824
225511704577060864
225511679486734336
225511666325008384
225511651334557696
225511717457760256
225511643042418688
225511676223565824
225511644573339648
225511674587779072
225511652634796032
225511719022235648
225511712034525184
225511648272719872
225511652404109312
225511678064857088
225511656103485441
225511716136562688
225511686633828352
225511679889379328
225511706548379648
225511683815247873
225511681101533184
225511710147088384
225511706099589120
225511703008387072
225511686193418240
225511680929566720
225511708993662976
225511699548082176
225511682833780736
225511652286664704
225511718607007744
225511713116655616
225511644124557312
225511674206101504
225511689427226624
225511655138799616
225511664735358976
225511715125735424
225511647144452096
225511677016285184
225511692518436864
225511660289404928
225511642354556928
225511698885386240
225511672595492864
225511663560957952
225511702182113280
225511660050321408
225511649233215488
225511721727569920
225511711225032704
225511669932109824
225511704447037440
225511695269892096
225511645932294144
225511705734688768
225511666899623936
225511692094808064
225511669646897152
225511714190405632
225511705545936896
225511694833688576
225511678702395392
225511718120464384
225511643721904128
225511669474930688
225511690857488384
225511675254677504
225511665721028608
225511681508384768
225511698478538752
225511708733607936
225511721538822144
225511649384214528
225511659899326464
225511684222103552
225511701158703104
225511673220440064
225511657118511104
225511662596268032
225511658649423872
225511709761212416
225511683622313984
225511662101336064
225511706980397056
225511686944206848
225511680271069184
225511696570134528
225511655772139520
225511671467225088
225511715931033600
225511647974924288
225511677695758336
225511653003890688
225511668543791104
225511719286476800
225511712453955584
225511644732723200
225511674990440448
225511647530323968
225511677192441856
225511675158204416
225511655289786368
225511715440308224
225511643793199104
225511673933475840
225511652018237440
225511718187569152
225511712865001472
225511683169329152
225511687120363520
225511709194985472
225511685794967552
225511680673718272
225511705822760960
225511691595681792
225511717638119424
225511666509549568
225511651212922880
225511687653044224
225511704686108672
225511695718686720
225511717260632064
225511714916016128
225511670313783296
225511654417371136
225511701997563904
225511708385480704
225511672293498880
225511663368019968
225511699170603008
225511708020584448
225511650197909504
225511711803846656
225511660549443584
225511642836901888
225511673417568256
225511662910844928
225511699325792256
225511701502631936
225511720746102784
225511711929675776
225511659463127040
225511698063306752
225511647056371712
225511665930735616
225511695915823104
225511691100762112
225511715033456640
225511669202296832
225511705134895104
225511694582026240
225511645567389696
225511655579197440
225511674881384448
225511644883722240
225511712344911872
225511719361978368
225511652920012800
225511677720924160
225511647953956864
225511715863932928
225511655830855680
225511680187183104
225511686977753088
225511706875539456
225511683513257984
225511709828321280
225511705793409024
225511680644362240
225511685904015360
225511702580572160
225511709329199104
225511683123195904
225511699841683456
225511712806285312
225511718300823552
225511651997261824
225511689083297792
225511673883136000
225511643851927552
225511715415142400
225511665054126080
225511655419809792
225511692874944512
225511677288910848
225511647446446080
225511642757206016
225511660633337856
225511650273406976
225511707982827520
225511699187380224
225511663045054464
225511663300915200
225511672297693184
225511648964780032
225511701875924993
225511670217322496
225511717373882368
225511695592853504
225511666224336896
225511704769994752
225511666564083712
225511691687964672
225511678387818496
225511694498140160
225511705248145408
225511669181321216
225511714916020224
225511675544080384
225511691184644096
225511666073346048
225511646993461248
225511698151383040
225511681227366400
225511659601534976
225511721136168960
225511711967416320
225511720666411008
225511642270670848
225511701452304384
225511684524089344
225511662889873408
225511657420496896
225511673514037248
225511710079979520
225511658934644736
225511683928494080
225511706653241344
225511661778374656
225511696008089600
225511679981662208
225511686621241344
225511716212060160
225511671773409280
225511656040570880
225511678010339328
225511648302084096
225511712164552704
225511718988685312
225511668183085056
225511652727074816
225511674709422080
225511644464295936
225511676924006400
225511647219945472
225511715150893056
225511654996185088
225511674248044544
225511644078411776
225511713196347392
225511718485368832
225511678194884608
225511652311830528
225511682871537664
225511708859441152
225511680954740736
225511686096953344
225511706145722368
225511684096274432
225511714253312000
225511692061257728
225511651502333952
225511666840899584
225511646087491584
225511717935910912
225511695412502528
225511704396705792
225511687351046144
225511654073446400
225511670024376320
225511714601443328
225511711132749824
225511721756921856
225511702328909824
225511663657422848
225511672574517248
225511708708446208
225511698864418816
225511642438443008
225511660230680576
225511711506051072
225511662625628160
225511673111388160
225511701221613568
225511659769307136
225511702488293376
225511649258381312
225511708838469632
225511698377875456
225511672801013760
225511665603584000
225511690761023488
225511669500092416
225511692258390016
225511643621236736
225511718095298560
225511645907128320
225511694884024320
225511705436884992
